p1	p2	rg	se	z	p	h2_obs	h2_obs_se	h2_int	h2_int_se	gcov_int	gcov_int_se
rectum	BASO#_b	0.08208	0.1396	0.588	0.5566	0.0227	0.0028	1.0998	0.0101	-0.0044	0.0054
rectum	BASO%_b	-0.04554	0.1027	-0.4433	0.6575	0.0467	0.0060	1.0504	0.0184	0.0054	0.0047
rectum	EO#_b	0.1443	0.07684	1.877	0.06046	0.1600	0.0161	1.1138	0.0377	-0.0173	0.0064
rectum	EO%_b	0.09907	0.07845	1.263	0.2066	0.1869	0.0183	1.1239	0.0451	-0.0168	0.0069
rectum	HCT_b	0.0605	0.07698	0.7859	0.4319	0.1344	0.0105	1.1962	0.0409	-0.0066	0.0058
rectum	HGB_b	0.06553	0.07744	0.8461	0.3975	0.1416	0.0106	1.2031	0.0411	-0.0054	0.0059
rectum	HLSR#_b	0.07351	0.06442	1.141	0.2538	0.1839	0.0148	1.1888	0.0636	0.0102	0.0068
rectum	HLSR%_b	0.06021	0.06393	0.9418	0.3463	0.1810	0.0147	1.1868	0.0643	0.0131	0.0068
rectum	IRF_b	0.01443	0.07181	0.2009	0.8408	0.1170	0.0113	1.1755	0.0562	0.0118	0.0063
rectum	LYMPH#_b	0.04153	0.067	0.62	0.5353	0.1808	0.0129	1.1526	0.0388	-0.0147	0.0065
rectum	LYMPH%_b	-0.06925	0.07933	-0.8729	0.3827	0.1450	0.0116	1.1363	0.0305	-0.0092	0.0061
rectum	MCHC_b	-0.01074	0.09259	-0.116	0.9076	0.0535	0.0064	1.0463	0.0197	0.0058	0.0054
rectum	MCV_b	-0.05392	0.07695	-0.7007	0.4835	0.2144	0.0194	1.2192	0.0636	0.0209	0.0065
rectum	MONO#_b	0.1101	0.07174	1.535	0.1249	0.1811	0.0193	1.2330	0.0586	-0.0085	0.0067
rectum	MONO%_b	0.0317	0.0775	0.409	0.6826	0.1595	0.0190	1.2234	0.0600	-0.0021	0.0069
rectum	MPV_b	0.004542	0.06935	0.06549	0.9478	0.2780	0.0318	1.3120	0.0861	-0.0038	0.0069
rectum	NEUT#_b	0.1052	0.0851	1.236	0.2166	0.1492	0.0106	1.1435	0.0295	-0.0019	0.0067
rectum	NEUT%_b	0.02047	0.08198	0.2497	0.8028	0.1363	0.0118	1.1178	0.0300	0.0126	0.0065
rectum	NRBCD_b	NA	NA	NA	NA	-0.0005	0.0012	1.0001	0.0062	0.0024	0.0045
rectum	PCT_b	0.002309	0.0617	0.03741	0.9702	0.2107	0.0174	1.2197	0.0378	-0.0053	0.0059
rectum	PDW_b	0.07079	0.0785	0.9018	0.3672	0.1938	0.0223	1.2044	0.0734	-0.0008	0.0064
rectum	PLT#_b	0.003733	0.06296	0.05929	0.9527	0.2540	0.0209	1.2122	0.0492	-0.0036	0.0062
rectum	RBC#_b	0.0836	0.07832	1.067	0.2857	0.1935	0.0156	1.2267	0.0435	-0.0186	0.0067
rectum	RDW_b	-0.02552	0.07639	-0.334	0.7384	0.1957	0.0186	1.0942	0.0526	-0.0022	0.0068
rectum	RET#_b	0.08418	0.06482	1.299	0.1941	0.1803	0.0149	1.1609	0.0559	0.0077	0.0066
rectum	RET%_b	0.06978	0.06308	1.106	0.2686	0.1771	0.0150	1.1543	0.0557	0.0117	0.0066
rectum	WBC#_b	0.1245	0.07792	1.597	0.1102	0.1785	0.0137	1.1439	0.0326	-0.0098	0.0067
leukemia	BASO#_b	-0.1318	0.1613	-0.8173	0.4137	0.0227	0.0028	1.0998	0.0101	0.0116	0.0046
leukemia	BASO%_b	0.008434	0.1212	0.06956	0.9445	0.0467	0.0060	1.0504	0.0184	-0.0074	0.0049
leukemia	EO#_b	-0.1791	0.1243	-1.442	0.1494	0.1600	0.0161	1.1138	0.0378	0.0195	0.0073
leukemia	EO%_b	-0.0995	0.113	-0.8805	0.3786	0.1869	0.0183	1.1239	0.0451	-0.0056	0.0075
leukemia	HCT_b	0.1068	0.1056	1.011	0.3121	0.1344	0.0105	1.1962	0.0409	-0.0157	0.0062
leukemia	HGB_b	0.1026	0.1062	0.9658	0.3342	0.1416	0.0106	1.2031	0.0411	-0.0180	0.0062
leukemia	HLSR#_b	0.138	0.09898	1.394	0.1633	0.1839	0.0149	1.1889	0.0636	-0.0002	0.0070
leukemia	HLSR%_b	0.1171	0.1002	1.168	0.2429	0.1810	0.0147	1.1868	0.0643	0.0029	0.0071
leukemia	IRF_b	0.1038	0.1063	0.9765	0.3288	0.1170	0.0113	1.1756	0.0562	0.0039	0.0061
leukemia	LYMPH#_b	-0.06522	0.1049	-0.622	0.5339	0.1808	0.0129	1.1526	0.0388	0.0627	0.0065
leukemia	LYMPH%_b	0.1669	0.1076	1.551	0.1208	0.1450	0.0116	1.1363	0.0305	0.0549	0.0057
leukemia	MCHC_b	0.02421	0.1212	0.1997	0.8417	0.0535	0.0064	1.0464	0.0197	-0.0080	0.0057
leukemia	MCV_b	-0.09745	0.09294	-1.049	0.2944	0.2144	0.0194	1.2191	0.0636	0.0090	0.0070
leukemia	MONO#_b	-0.06818	0.0996	-0.6845	0.4936	0.1811	0.0193	1.2331	0.0586	0.0087	0.0071
leukemia	MONO%_b	0.1195	0.1021	1.17	0.2419	0.1595	0.0190	1.2234	0.0600	-0.0342	0.0066
leukemia	MPV_b	0.07461	0.09482	0.7869	0.4314	0.2780	0.0318	1.3121	0.0861	-0.0105	0.0075
leukemia	NEUT#_b	-0.2589	0.1271	-2.037	0.04165	0.1492	0.0106	1.1434	0.0295	0.0092	0.0063
leukemia	NEUT%_b	-0.164	0.1094	-1.499	0.1338	0.1363	0.0118	1.1178	0.0300	-0.0491	0.0054
leukemia	NRBCD_b	NA	NA	NA	NA	-0.0005	0.0012	1.0001	0.0062	0.0054	0.0048
leukemia	PCT_b	-0.09438	0.08851	-1.066	0.2862	0.2107	0.0174	1.2198	0.0378	-0.0189	0.0064
leukemia	PDW_b	0.05106	0.08298	0.6154	0.5383	0.1938	0.0223	1.2045	0.0734	0.0067	0.0059
leukemia	PLT#_b	-0.1154	0.08986	-1.284	0.199	0.2540	0.0209	1.2122	0.0492	-0.0134	0.0068
leukemia	RBC#_b	0.1359	0.1052	1.292	0.1964	0.1935	0.0156	1.2266	0.0435	-0.0191	0.0067
leukemia	RDW_b	-0.05882	0.09523	-0.6177	0.5368	0.1956	0.0186	1.0943	0.0526	0.0162	0.0068
leukemia	RET#_b	0.1419	0.09886	1.435	0.1512	0.1803	0.0149	1.1609	0.0560	-0.0021	0.0069
leukemia	RET%_b	0.1151	0.09913	1.161	0.2458	0.1771	0.0150	1.1544	0.0557	0.0020	0.0071
leukemia	WBC#_b	-0.2257	0.1228	-1.838	0.06603	0.1785	0.0137	1.1439	0.0326	0.0497	0.0068
BCAC_Onco_iCOGs_TripleN	BASO#_f	0.05782	0.09467	0.6108	0.5414	0.02279	0.003431	1.045	0.009434	-0.0001948	0.005463
BCAC_Onco_iCOGs_TripleN	BASO%_f	0.194	0.07108	2.73	0.006343	0.04774	0.006745	1.021	0.01489	-0.01338	0.005457
BCAC_Onco_iCOGs_TripleN	EO#_f	0.04178	0.05102	0.819	0.4128	0.1676	0.02047	1.053	0.03319	-0.005449	0.006815
BCAC_Onco_iCOGs_TripleN	EO%_f	0.003215	0.04959	0.06483	0.9483	0.1948	0.02278	1.055	0.03531	0.002489	0.007103
BCAC_Onco_iCOGs_TripleN	HCT_f	0.03448	0.05279	0.6531	0.5137	0.1402	0.0151	1.123	0.03419	-0.006688	0.006618
BCAC_Onco_iCOGs_TripleN	HGB_f	0.02847	0.04954	0.5746	0.5655	0.1463	0.01476	1.138	0.03468	-0.006367	0.006632
BCAC_Onco_iCOGs_TripleN	HLSR#_f	0.02076	0.04951	0.4194	0.6749	0.1892	0.01931	1.12	0.05332	-0.001734	0.007615
BCAC_Onco_iCOGs_TripleN	HLSR%_f	0.02092	0.05025	0.4164	0.6771	0.187	0.019	1.119	0.05231	-0.0006181	0.007595
BCAC_Onco_iCOGs_TripleN	IRF_f	0.05423	0.06104	0.8884	0.3743	0.115	0.01307	1.106	0.04156	-0.002102	0.007307
BCAC_Onco_iCOGs_TripleN	LYMPH#_f	-0.00476	0.04882	-0.09749	0.9223	0.1925	0.01441	1.087	0.02794	0.006912	0.007035
BCAC_Onco_iCOGs_TripleN	LYMPH%_f	-0.02673	0.0494	-0.541	0.5885	0.1566	0.01285	1.064	0.02573	0.005954	0.006752
BCAC_Onco_iCOGs_TripleN	MCHC_f	-0.01068	0.06698	-0.1595	0.8733	0.0516	0.007255	1.03	0.01423	-0.0004267	0.005983
BCAC_Onco_iCOGs_TripleN	MCV_f	0.02691	0.04722	0.57	0.5687	0.2209	0.02174	1.122	0.05389	0.003212	0.007405
BCAC_Onco_iCOGs_TripleN	MONO#_f	0.06098	0.05574	1.094	0.2739	0.1699	0.02281	1.172	0.04942	-0.0003769	0.00756
BCAC_Onco_iCOGs_TripleN	MONO%_f	0.06147	0.05792	1.061	0.2886	0.1481	0.0209	1.176	0.05073	-0.00319	0.007484
BCAC_Onco_iCOGs_TripleN	MPV_f	0.02105	0.04431	0.4752	0.6347	0.3129	0.04518	1.161	0.07093	0.0007469	0.008205
BCAC_Onco_iCOGs_TripleN	NEUT#_f	0.01393	0.05017	0.2777	0.7812	0.1651	0.02004	1.068	0.03054	0.0004775	0.007221
BCAC_Onco_iCOGs_TripleN	NEUT%_f	0.001941	0.05203	0.0373	0.9702	0.1474	0.01325	1.052	0.02536	-0.005227	0.00683
BCAC_Onco_iCOGs_TripleN	NRBCD_f	NA	NA	NA	NA	NA	NA	NA	NA	NA	NA
BCAC_Onco_iCOGs_TripleN	PCT_f	0.03941	0.04704	0.8378	0.4021	0.2126	0.01858	1.148	0.04087	0.001327	0.007226
BCAC_Onco_iCOGs_TripleN	PDW_f	0.0133	0.0491	0.2709	0.7865	0.216	0.02814	1.069	0.04487	-0.002864	0.007693
BCAC_Onco_iCOGs_TripleN	PLT#_f	0.01503	0.04655	0.3229	0.7467	0.2682	0.02229	1.126	0.04108	0.0008865	0.007801
BCAC_Onco_iCOGs_TripleN	RBC#_f	0.009849	0.04934	0.1996	0.8418	0.2136	0.02182	1.13	0.03926	-0.007865	0.007452
BCAC_Onco_iCOGs_TripleN	RDW_f	0.05313	0.0468	1.135	0.2563	0.1946	0.02111	1.076	0.04843	-0.005071	0.006882
BCAC_Onco_iCOGs_TripleN	RET#_f	0.004699	0.04945	0.09502	0.9243	0.1867	0.01906	1.099	0.04659	-0.001583	0.007405
BCAC_Onco_iCOGs_TripleN	RET%_f	0.003521	0.04972	0.07081	0.9435	0.1817	0.01885	1.098	0.04728	1.666e-05	0.007336
BCAC_Onco_iCOGs_TripleN	WBC#_f	0.02026	0.04978	0.4069	0.6841	0.1868	0.01723	1.082	0.02812	0.002389	0.007389
kidney	BASO#_b	0.2942	0.2288	1.286	0.1986	0.0227	0.0028	1.0998	0.0101	-0.0064	0.0050
kidney	BASO%_b	0.1319	0.1484	0.8889	0.3741	0.0467	0.0060	1.0504	0.0184	-0.0101	0.0050
kidney	EO#_b	0.1094	0.1344	0.8144	0.4154	0.1600	0.0161	1.1138	0.0377	0.0032	0.0065
kidney	EO%_b	0.02795	0.1209	0.2311	0.8172	0.1869	0.0183	1.1239	0.0451	-0.0004	0.0063
kidney	HCT_b	0.02392	0.1109	0.2157	0.8292	0.1344	0.0105	1.1962	0.0409	-0.0033	0.0061
kidney	HGB_b	-0.03835	0.1066	-0.3599	0.7189	0.1416	0.0106	1.2031	0.0411	-0.0028	0.0058
kidney	HLSR#_b	-0.02602	0.1084	-0.2401	0.8103	0.1839	0.0148	1.1888	0.0636	0.0175	0.0075
kidney	HLSR%_b	-0.04451	0.111	-0.4011	0.6884	0.1810	0.0147	1.1868	0.0643	0.0190	0.0075
kidney	IRF_b	0.02706	0.1153	0.2348	0.8144	0.1170	0.0113	1.1755	0.0562	0.0182	0.0066
kidney	LYMPH#_b	0.1886	0.1429	1.32	0.1867	0.1808	0.0129	1.1526	0.0388	0.0008	0.0067
kidney	LYMPH%_b	-0.03212	0.1107	-0.2901	0.7717	0.1450	0.0116	1.1363	0.0305	-0.0074	0.0057
kidney	MCHC_b	-0.2621	0.1872	-1.4	0.1615	0.0535	0.0064	1.0463	0.0197	0.0008	0.0054
kidney	MCV_b	-0.05893	0.1095	-0.5382	0.5904	0.2144	0.0194	1.2192	0.0636	0.0024	0.0072
kidney	MONO#_b	0.1673	0.1173	1.426	0.1539	0.1811	0.0193	1.2330	0.0586	0.0013	0.0068
kidney	MONO%_b	-0.03031	0.1019	-0.2974	0.7662	0.1595	0.0190	1.2234	0.0600	-0.0079	0.0064
kidney	MPV_b	0.05248	0.1061	0.4947	0.6208	0.2780	0.0318	1.3120	0.0861	-0.0033	0.0075
kidney	NEUT#_b	0.2399	0.1566	1.532	0.1256	0.1492	0.0106	1.1435	0.0295	0.0112	0.0060
kidney	NEUT%_b	0.04072	0.1151	0.3537	0.7236	0.1363	0.0118	1.1178	0.0300	0.0082	0.0055
kidney	NRBCD_b	NA	NA	NA	NA	-0.0005	0.0012	1.0001	0.0062	-0.0057	0.0042
kidney	PCT_b	0.3054	0.1746	1.749	0.08021	0.2107	0.0174	1.2197	0.0378	-0.0001	0.0065
kidney	PDW_b	-0.04776	0.1198	-0.3986	0.6902	0.1938	0.0223	1.2044	0.0734	0.0115	0.0068
kidney	PLT#_b	0.2284	0.1439	1.587	0.1126	0.2540	0.0209	1.2122	0.0492	0.0006	0.0068
kidney	RBC#_b	0.0589	0.1082	0.5443	0.5863	0.1935	0.0156	1.2267	0.0435	-0.0046	0.0068
kidney	RDW_b	0.1326	0.1137	1.166	0.2436	0.1957	0.0186	1.0942	0.0526	0.0061	0.0073
kidney	RET#_b	-0.04703	0.1079	-0.4357	0.663	0.1803	0.0149	1.1609	0.0559	0.0146	0.0075
kidney	RET%_b	-0.06741	0.1113	-0.6056	0.5448	0.1771	0.0150	1.1543	0.0557	0.0162	0.0074
kidney	WBC#_b	0.2576	0.1616	1.594	0.111	0.1785	0.0137	1.1439	0.0326	0.0101	0.0067
gastricesoph	BASO#_b	0.09583	0.3153	0.3039	0.7612	0.0227	0.0028	1.0998	0.0101	0.0011	0.0051
gastricesoph	BASO%_b	0.113	0.2424	0.4659	0.6413	0.0467	0.0060	1.0504	0.0184	-0.0035	0.0052
gastricesoph	EO#_b	0.3241	0.3733	0.8684	0.3852	0.1600	0.0161	1.1138	0.0377	-0.0036	0.0060
gastricesoph	EO%_b	0.1762	0.2418	0.7286	0.4663	0.1869	0.0183	1.1239	0.0451	-0.0077	0.0057
gastricesoph	HCT_b	0.09476	0.1802	0.5258	0.599	0.1344	0.0105	1.1962	0.0409	-0.0063	0.0066
gastricesoph	HGB_b	0.1439	0.2049	0.7021	0.4826	0.1416	0.0106	1.2031	0.0411	-0.0122	0.0065
gastricesoph	HLSR#_b	0.04115	0.1853	0.2221	0.8242	0.1839	0.0148	1.1888	0.0636	0.0033	0.0071
gastricesoph	HLSR%_b	0.02321	0.181	0.1283	0.8979	0.1810	0.0147	1.1868	0.0643	0.0033	0.0070
gastricesoph	IRF_b	-0.04865	0.1893	-0.257	0.7972	0.1170	0.0113	1.1755	0.0562	0.0100	0.0060
gastricesoph	LYMPH#_b	0.1708	0.2418	0.7063	0.48	0.1808	0.0129	1.1526	0.0388	0.0094	0.0064
gastricesoph	LYMPH%_b	-0.1666	0.2212	-0.7528	0.4516	0.1450	0.0116	1.1363	0.0305	0.0047	0.0057
gastricesoph	MCHC_b	0.2151	0.2886	0.7453	0.4561	0.0535	0.0064	1.0463	0.0197	-0.0155	0.0051
gastricesoph	MCV_b	0.0001839	0.1596	0.001153	0.9991	0.2144	0.0194	1.2192	0.0636	-0.0129	0.0066
gastricesoph	MONO#_b	0.1599	0.2365	0.6763	0.4988	0.1811	0.0193	1.2330	0.0586	0.0082	0.0074
gastricesoph	MONO%_b	-0.1434	0.2438	-0.5883	0.5563	0.1595	0.0190	1.2234	0.0600	0.0033	0.0073
gastricesoph	MPV_b	0.08454	0.1688	0.501	0.6164	0.2780	0.0318	1.3120	0.0861	-0.0059	0.0072
gastricesoph	NEUT#_b	0.3815	0.4233	0.9013	0.3674	0.1492	0.0106	1.1435	0.0295	0.0049	0.0064
gastricesoph	NEUT%_b	0.1522	0.2132	0.714	0.4752	0.1363	0.0118	1.1178	0.0300	-0.0036	0.0059
gastricesoph	NRBCD_b	NA	NA	NA	NA	-0.0005	0.0012	1.0001	0.0062	0.0017	0.0048
gastricesoph	PCT_b	0.1629	0.2203	0.7392	0.4598	0.2107	0.0174	1.2197	0.0378	0.0098	0.0066
gastricesoph	PDW_b	0.01342	0.1503	0.08933	0.9288	0.1938	0.0223	1.2044	0.0734	-0.0031	0.0060
gastricesoph	PLT#_b	0.09823	0.1782	0.5514	0.5814	0.2540	0.0209	1.2122	0.0492	0.0115	0.0070
gastricesoph	RBC#_b	0.0731	0.1776	0.4117	0.6806	0.1935	0.0156	1.2267	0.0435	0.0022	0.0072
gastricesoph	RDW_b	0.02363	0.1519	0.1556	0.8764	0.1957	0.0186	1.0942	0.0526	0.0188	0.0064
gastricesoph	RET#_b	0.04326	0.1889	0.229	0.8189	0.1803	0.0149	1.1609	0.0559	0.0008	0.0073
gastricesoph	RET%_b	0.02719	0.1832	0.1484	0.882	0.1771	0.0150	1.1543	0.0557	0.0005	0.0071
gastricesoph	WBC#_b	0.3648	0.4105	0.8888	0.3741	0.1785	0.0137	1.1439	0.0326	0.0076	0.0068
brca2_bc	BASO#_f	-0.0246	0.1286	-0.1915	0.8481	0.0233	0.0032	1.0429	0.0077	1.2058e-03	0.0047
brca2_bc	BASO%_f	0.0799	0.0942	0.8477	0.3966	0.0479	0.0064	1.0194	0.0124	-4.7503e-03	0.0042
brca2_bc	EO#_f	-0.0478	0.0761	-0.6279	0.5301	0.1657	0.0194	1.0550	0.0274	8.1959e-03	0.0060
brca2_bc	EO%_f	-0.0540	0.0770	-0.7010	0.4833	0.1897	0.0219	1.0667	0.0317	7.8565e-03	0.0063
brca2_bc	HCT_f	0.0446	0.0785	0.5684	0.5698	0.1460	0.0132	1.1014	0.0256	7.5758e-04	0.0058
brca2_bc	HGB_f	0.0383	0.0762	0.5020	0.6157	0.1530	0.0131	1.1132	0.0259	-1.2361e-03	0.0058
brca2_bc	HLSR#_f	-0.0386	0.0684	-0.5643	0.5726	0.1917	0.0177	1.1096	0.0480	5.0180e-04	0.0062
brca2_bc	HLSR%_f	-0.0503	0.0675	-0.7444	0.4567	0.1893	0.0177	1.1094	0.0484	1.0204e-03	0.0062
brca2_bc	IRF_f	0.0070	0.0818	0.0852	0.9321	0.1162	0.0120	1.0999	0.0384	6.8858e-04	0.0059
brca2_bc	LYMPH#_f	-0.0759	0.0700	-1.0832	0.2787	0.1931	0.0139	1.0853	0.0230	-1.0386e-03	0.0049
brca2_bc	LYMPH%_f	-0.0768	0.0700	-1.0970	0.2726	0.1563	0.0129	1.0646	0.0200	-5.6123e-03	0.0049
brca2_bc	MCHC_f	-0.0343	0.0919	-0.3729	0.7093	0.0530	0.0067	1.0248	0.0121	-5.6709e-03	0.0048
brca2_bc	MCV_f	-0.0734	0.0586	-1.2523	0.2105	0.2267	0.0230	1.1018	0.0376	9.4092e-03	0.0057
brca2_bc	MONO#_f	-0.0475	0.0681	-0.6979	0.4852	0.1798	0.0219	1.1366	0.0368	2.3062e-03	0.0059
brca2_bc	MONO%_f	-0.0371	0.0698	-0.5319	0.5948	0.1578	0.0205	1.1399	0.0382	2.0493e-04	0.0060
brca2_bc	MPV_f	0.1444	0.0623	2.3192	0.0204	0.3166	0.0439	1.1523	0.0577	-9.0100e-03	0.0067
brca2_bc	NEUT#_f	0.0075	0.0743	0.1006	0.9199	0.1654	0.0178	1.0646	0.0229	5.1168e-03	0.0054
brca2_bc	NEUT%_f	0.0722	0.0728	0.9924	0.3210	0.1468	0.0129	1.0540	0.0201	4.5096e-03	0.0050
brca2_bc	NRBCD_f	0.3590	0.5366	0.6691	0.5034	0.0016	0.0024	0.9930	0.0059	-4.0237e-04	0.0044
brca2_bc	PCT_f	-0.0126	0.0644	-0.1952	0.8453	0.2201	0.0193	1.1242	0.0285	2.9282e-04	0.0062
brca2_bc	PDW_f	0.0562	0.0968	0.5806	0.5615	0.2072	0.0260	1.0991	0.0445	-8.3230e-03	0.0070
brca2_bc	PLT#_f	-0.0915	0.0636	-1.4388	0.1502	0.2729	0.0226	1.1102	0.0333	5.2820e-03	0.0061
brca2_bc	RBC#_f	0.0739	0.0692	1.0692	0.2850	0.2186	0.0207	1.1122	0.0304	-4.6009e-03	0.0060
brca2_bc	RDW_f	0.1011	0.0791	1.2782	0.2012	0.2005	0.0188	1.0524	0.0327	-9.4196e-03	0.0065
brca2_bc	RET#_f	-0.0509	0.0660	-0.7703	0.4411	0.1898	0.0180	1.0878	0.0405	-7.8023e-05	0.0058
brca2_bc	RET%_f	-0.0676	0.0653	-1.0348	0.3008	0.1849	0.0179	1.0861	0.0420	5.3004e-04	0.0058
brca2_bc	WBC#_f	-0.0181	0.0725	-0.2498	0.8027	0.1877	0.0152	1.0759	0.0211	3.5374e-03	0.0054
BCAC_Onco_iCOGs_luminalB	BASO#_f	0.01665	0.08223	0.2024	0.8396	0.02279	0.003431	1.045	0.009434	-0.008073	0.005592
BCAC_Onco_iCOGs_luminalB	BASO%_f	0.08216	0.0642	1.28	0.2006	0.04774	0.006745	1.021	0.01489	-0.009746	0.00622
BCAC_Onco_iCOGs_luminalB	EO#_f	-0.01719	0.06719	-0.2559	0.7981	0.1676	0.02047	1.053	0.03319	-0.002678	0.008843
BCAC_Onco_iCOGs_luminalB	EO%_f	-0.0351	0.05958	-0.589	0.5558	0.1948	0.02278	1.055	0.03531	0.003421	0.008684
BCAC_Onco_iCOGs_luminalB	HCT_f	0.06168	0.04974	1.24	0.215	0.1402	0.0151	1.123	0.03419	-0.001037	0.007236
BCAC_Onco_iCOGs_luminalB	HGB_f	0.06068	0.04883	1.243	0.214	0.1463	0.01476	1.138	0.03468	-0.001375	0.007696
BCAC_Onco_iCOGs_luminalB	HLSR#_f	-0.0538	0.04967	-1.083	0.2788	0.1892	0.01931	1.12	0.05332	0.003092	0.008073
BCAC_Onco_iCOGs_luminalB	HLSR%_f	-0.06047	0.05036	-1.201	0.2299	0.187	0.019	1.119	0.05231	0.004451	0.008084
BCAC_Onco_iCOGs_luminalB	IRF_f	-0.09865	0.05591	-1.765	0.07764	0.115	0.01307	1.106	0.04156	0.01079	0.007535
BCAC_Onco_iCOGs_luminalB	LYMPH#_f	-0.03455	0.05109	-0.6762	0.4989	0.1925	0.01441	1.087	0.02794	-0.001821	0.006906
BCAC_Onco_iCOGs_luminalB	LYMPH%_f	0.01062	0.04834	0.2196	0.8262	0.1566	0.01285	1.064	0.02573	-0.004476	0.006713
BCAC_Onco_iCOGs_luminalB	MCHC_f	0.00683	0.05996	0.1139	0.9093	0.0516	0.007255	1.03	0.01423	-0.003091	0.006127
BCAC_Onco_iCOGs_luminalB	MCV_f	0.02266	0.04297	0.5272	0.598	0.2209	0.02174	1.122	0.05389	0.007718	0.007904
BCAC_Onco_iCOGs_luminalB	MONO#_f	-0.01669	0.04865	-0.3431	0.7315	0.1699	0.02281	1.172	0.04942	0.001727	0.007001
BCAC_Onco_iCOGs_luminalB	MONO%_f	0.0334	0.0477	0.7001	0.4839	0.1481	0.0209	1.176	0.05073	-0.001398	0.006475
BCAC_Onco_iCOGs_luminalB	MPV_f	0.01987	0.04484	0.4431	0.6577	0.3129	0.04518	1.161	0.07093	0.004022	0.007865
BCAC_Onco_iCOGs_luminalB	NEUT#_f	-0.04919	0.04743	-1.037	0.2997	0.1651	0.02004	1.068	0.03054	0.002783	0.007013
BCAC_Onco_iCOGs_luminalB	NEUT%_f	-0.008757	0.04919	-0.178	0.8587	0.1474	0.01325	1.052	0.02536	0.002245	0.006579
BCAC_Onco_iCOGs_luminalB	NRBCD_f	NA	NA	NA	NA	NA	NA	NA	NA	NA	NA
BCAC_Onco_iCOGs_luminalB	PCT_f	-0.006832	0.04645	-0.1471	0.8831	0.2126	0.01858	1.148	0.04087	0.0002997	0.007585
BCAC_Onco_iCOGs_luminalB	PDW_f	-0.0833	0.05224	-1.594	0.1108	0.216	0.02814	1.069	0.04487	0.01041	0.008017
BCAC_Onco_iCOGs_luminalB	PLT#_f	-0.01422	0.04637	-0.3068	0.759	0.2682	0.02229	1.126	0.04108	-0.001663	0.007834
BCAC_Onco_iCOGs_luminalB	RBC#_f	0.03028	0.04263	0.7104	0.4775	0.2136	0.02182	1.13	0.03926	-0.005126	0.007061
BCAC_Onco_iCOGs_luminalB	RDW_f	-0.01736	0.04513	-0.3846	0.7005	0.1946	0.02111	1.076	0.04843	0.008246	0.007198
BCAC_Onco_iCOGs_luminalB	RET#_f	-0.02858	0.04918	-0.5811	0.5612	0.1867	0.01906	1.099	0.04659	-0.000416	0.00802
BCAC_Onco_iCOGs_luminalB	RET%_f	-0.03576	0.05016	-0.7128	0.476	0.1817	0.01885	1.098	0.04728	0.0007939	0.008116
BCAC_Onco_iCOGs_luminalB	WBC#_f	-0.05079	0.04976	-1.021	0.3074	0.1868	0.01723	1.082	0.02812	0.00231	0.007253
bladder	BASO#_b	0.2624	0.1563	1.679	0.09319	0.0227	0.0028	1.0998	0.0101	-0.0085	0.0051
bladder	BASO%_b	0.1349	0.1124	1.201	0.2297	0.0467	0.0060	1.0504	0.0184	-0.0058	0.0051
bladder	EO#_b	0.007016	0.08151	0.08608	0.9314	0.1600	0.0161	1.1138	0.0377	0.0018	0.0063
bladder	EO%_b	-0.06955	0.08631	-0.8058	0.4203	0.1869	0.0183	1.1239	0.0451	0.0019	0.0065
bladder	HCT_b	-0.02976	0.08447	-0.3523	0.7246	0.1344	0.0105	1.1962	0.0409	-0.0014	0.0065
bladder	HGB_b	-0.05994	0.08109	-0.7392	0.4598	0.1416	0.0106	1.2031	0.0411	0.0002	0.0062
bladder	HLSR#_b	0.1416	0.07869	1.799	0.07196	0.1839	0.0148	1.1888	0.0636	-0.0003	0.0064
bladder	HLSR%_b	0.17	0.07945	2.139	0.03242	0.1810	0.0147	1.1868	0.0643	-0.0025	0.0063
bladder	IRF_b	0.1392	0.08576	1.623	0.1046	0.1170	0.0113	1.1755	0.0562	-0.0030	0.0059
bladder	LYMPH#_b	0.1867	0.09298	2.008	0.04467	0.1808	0.0129	1.1526	0.0388	-0.0104	0.0075
bladder	LYMPH%_b	0.05603	0.09217	0.6079	0.5433	0.1450	0.0116	1.1363	0.0305	-0.0139	0.0066
bladder	MCHC_b	-0.1106	0.1238	-0.8934	0.3717	0.0535	0.0064	1.0463	0.0197	0.0038	0.0057
bladder	MCV_b	0.1276	0.07783	1.639	0.1011	0.2144	0.0194	1.2192	0.0636	-0.0180	0.0067
bladder	MONO#_b	0.05234	0.07925	0.6604	0.509	0.1811	0.0193	1.2330	0.0586	0.0015	0.0076
bladder	MONO%_b	-0.09367	0.08384	-1.117	0.2639	0.1595	0.0190	1.2234	0.0600	-0.0011	0.0069
bladder	MPV_b	-0.00598	0.07272	-0.08224	0.9345	0.2780	0.0318	1.3120	0.0861	-0.0021	0.0071
bladder	NEUT#_b	0.1685	0.09393	1.794	0.0728	0.1492	0.0106	1.1435	0.0295	0.0060	0.0064
bladder	NEUT%_b	-0.006563	0.09382	-0.06995	0.9442	0.1363	0.0118	1.1178	0.0300	0.0115	0.0066
bladder	NRBCD_b	NA	NA	NA	NA	-0.0005	0.0012	1.0001	0.0062	-0.0045	0.0049
bladder	PCT_b	0.004848	0.07588	0.06389	0.9491	0.2107	0.0174	1.2197	0.0378	0.0085	0.0065
bladder	PDW_b	0.08016	0.1022	0.7841	0.433	0.1938	0.0223	1.2044	0.0734	-0.0038	0.0075
bladder	PLT#_b	-0.005324	0.07036	-0.07566	0.9397	0.2540	0.0209	1.2122	0.0492	0.0092	0.0066
bladder	RBC#_b	-0.1092	0.08512	-1.282	0.1997	0.1935	0.0156	1.2267	0.0435	0.0094	0.0073
bladder	RDW_b	0.01929	0.09858	0.1957	0.8448	0.1957	0.0186	1.0942	0.0526	0.0037	0.0081
bladder	RET#_b	0.1305	0.07826	1.668	0.09535	0.1803	0.0149	1.1609	0.0559	0.0006	0.0064
bladder	RET%_b	0.1596	0.07753	2.058	0.0396	0.1771	0.0150	1.1543	0.0557	-0.0012	0.0062
bladder	WBC#_b	0.1795	0.08802	2.039	0.04142	0.1785	0.0137	1.1439	0.0326	0.0026	0.0068
pancreas	BASO#_b	0.07866	0.3156	0.2492	0.8032	0.0228	0.0028	1.0997	0.0101	-0.0048	0.0048
pancreas	BASO%_b	0.2542	0.3216	0.7903	0.4294	0.0467	0.0060	1.0505	0.0184	-0.0115	0.0049
pancreas	EO#_b	-0.06558	0.1898	-0.3456	0.7297	0.1601	0.0168	1.1136	0.0395	0.0131	0.0063
pancreas	EO%_b	-0.05023	0.1762	-0.285	0.7756	0.1872	0.0191	1.1233	0.0473	0.0080	0.0063
pancreas	HCT_b	0.207	0.2557	0.8095	0.4182	0.1343	0.0104	1.1971	0.0410	-0.0035	0.0065
pancreas	HGB_b	0.1322	0.202	0.6542	0.513	0.1415	0.0106	1.2045	0.0412	-0.0020	0.0069
pancreas	HLSR#_b	0.1013	0.1925	0.5263	0.5986	0.1842	0.0149	1.1882	0.0640	0.0079	0.0069
pancreas	HLSR%_b	0.06667	0.1757	0.3795	0.7043	0.1813	0.0148	1.1862	0.0647	0.0091	0.0066
pancreas	IRF_b	0.1711	0.2481	0.6897	0.4904	0.1170	0.0114	1.1762	0.0565	0.0054	0.0063
pancreas	LYMPH#_b	-0.09386	0.1841	-0.5099	0.6101	0.1808	0.0128	1.1530	0.0391	0.0127	0.0057
pancreas	LYMPH%_b	-0.1108	0.1988	-0.5574	0.5773	0.1450	0.0116	1.1367	0.0306	0.0052	0.0056
pancreas	MCHC_b	-0.2633	0.3303	-0.7972	0.4253	0.0536	0.0064	1.0460	0.0196	0.0027	0.0052
pancreas	MCV_b	-0.04979	0.1691	-0.2945	0.7683	0.2143	0.0194	1.2201	0.0637	0.0047	0.0068
pancreas	MONO#_b	0.04269	0.1712	0.2494	0.8031	0.1811	0.0193	1.2335	0.0589	0.0010	0.0066
pancreas	MONO%_b	0.08176	0.1692	0.4833	0.6289	0.1594	0.0190	1.2242	0.0604	-0.0076	0.0062
pancreas	MPV_b	0.09776	0.1988	0.4919	0.6228	0.2779	0.0320	1.3140	0.0869	0.0067	0.0078
pancreas	NEUT#_b	0.03235	0.1637	0.1976	0.8433	0.1494	0.0106	1.1427	0.0297	0.0067	0.0064
pancreas	NEUT%_b	0.08056	0.1897	0.4248	0.671	0.1364	0.0118	1.1174	0.0301	-0.0035	0.0055
pancreas	NRBCD_b	NA	NA	NA	NA	-0.0005	0.0012	1.0004	0.0062	-0.0071	0.0043
pancreas	PCT_b	-0.2401	0.2693	-0.8915	0.3726	0.2108	0.0174	1.2195	0.0381	0.0055	0.0065
pancreas	PDW_b	0.1419	0.1918	0.7399	0.4594	0.1938	0.0224	1.2049	0.0739	0.0029	0.0061
pancreas	PLT#_b	-0.2316	0.2604	-0.8894	0.3738	0.2540	0.0209	1.2126	0.0494	0.0017	0.0070
pancreas	RBC#_b	0.1947	0.2421	0.804	0.4214	0.1933	0.0156	1.2278	0.0437	-0.0059	0.0071
pancreas	RDW_b	-0.1662	0.2198	-0.7564	0.4494	0.1958	0.0186	1.0941	0.0528	0.0044	0.0061
pancreas	RET#_b	0.06446	0.1792	0.3598	0.719	0.1806	0.0150	1.1599	0.0563	0.0075	0.0069
pancreas	RET%_b	0.02507	0.1666	0.1505	0.8804	0.1775	0.0152	1.1533	0.0560	0.0093	0.0065
pancreas	WBC#_b	-0.02061	0.1563	-0.1319	0.8951	0.1787	0.0137	1.1433	0.0327	0.0105	0.0066
lung	BASO#_b	0.09597	0.1063	0.903	0.3665	0.0227	0.0028	1.0998	0.0101	-0.0017	0.0051
lung	BASO%_b	-0.06721	0.07644	-0.8793	0.3793	0.0467	0.0060	1.0504	0.0184	0.0061	0.0052
lung	EO#_b	0.1287	0.05633	2.285	0.02228	0.1600	0.0161	1.1138	0.0377	-0.0020	0.0056
lung	EO%_b	0.02637	0.05286	0.4988	0.6179	0.1869	0.0183	1.1239	0.0451	-0.0126	0.0059
lung	HCT_b	0.05326	0.06396	0.8326	0.4051	0.1344	0.0105	1.1962	0.0409	0.0019	0.0061
lung	HGB_b	0.0435	0.06209	0.7007	0.4835	0.1416	0.0106	1.2031	0.0411	0.0006	0.0062
lung	HLSR#_b	0.1548	0.05879	2.632	0.008479	0.1839	0.0148	1.1888	0.0636	0.0106	0.0066
lung	HLSR%_b	0.1581	0.05953	2.656	0.0079	0.1810	0.0147	1.1868	0.0643	0.0120	0.0066
lung	IRF_b	0.1944	0.06701	2.9	0.003729	0.1170	0.0113	1.1755	0.0562	0.0122	0.0063
lung	LYMPH#_b	0.1684	0.06345	2.655	0.007934	0.1808	0.0129	1.1526	0.0388	0.0091	0.0066
lung	LYMPH%_b	-0.01341	0.05769	-0.2325	0.8162	0.1450	0.0116	1.1363	0.0305	-0.0124	0.0065
lung	MCHC_b	-0.05072	0.07647	-0.6633	0.5072	0.0535	0.0064	1.0463	0.0197	-0.0029	0.0056
lung	MCV_b	0.01774	0.05622	0.3155	0.7524	0.2144	0.0194	1.2192	0.0636	0.0163	0.0074
lung	MONO#_b	0.08301	0.0575	1.444	0.1489	0.1811	0.0193	1.2330	0.0586	0.0185	0.0064
lung	MONO%_b	-0.08266	0.05236	-1.579	0.1144	0.1595	0.0190	1.2234	0.0600	-0.0020	0.0064
lung	MPV_b	0.07036	0.05828	1.207	0.2273	0.2780	0.0318	1.3120	0.0861	-0.0101	0.0073
lung	NEUT#_b	0.194	0.06161	3.149	0.00164	0.1492	0.0106	1.1435	0.0295	0.0246	0.0068
lung	NEUT%_b	0.03123	0.05808	0.5377	0.5908	0.1363	0.0118	1.1178	0.0300	0.0117	0.0064
lung	NRBCD_b	NA	NA	NA	NA	-0.0005	0.0012	1.0001	0.0062	-0.0025	0.0041
lung	PCT_b	0.05688	0.04974	1.143	0.2529	0.2107	0.0174	1.2197	0.0378	0.0130	0.0068
lung	PDW_b	0.1015	0.06131	1.655	0.09795	0.1938	0.0223	1.2044	0.0734	-0.0014	0.0071
lung	PLT#_b	-0.0024	0.05352	-0.04484	0.9642	0.2540	0.0209	1.2122	0.0492	0.0171	0.0073
lung	RBC#_b	0.02827	0.05776	0.4894	0.6245	0.1935	0.0156	1.2267	0.0435	-0.0078	0.0065
lung	RDW_b	0.1284	0.05924	2.168	0.03017	0.1957	0.0186	1.0942	0.0526	0.0090	0.0071
lung	RET#_b	0.1201	0.05679	2.114	0.03448	0.1803	0.0149	1.1609	0.0559	0.0077	0.0065
lung	RET%_b	0.1234	0.05734	2.152	0.03143	0.1771	0.0150	1.1543	0.0557	0.0094	0.0065
lung	WBC#_b	0.2198	0.06238	3.523	0.0004264	0.1785	0.0137	1.1439	0.0326	0.0244	0.0069
CIMBA_BCAC_TN	BASO#_f	0.0455	0.0752	0.6050	0.5452	0.0233	0.0032	1.0428	0.0077	0.0018	0.0045
CIMBA_BCAC_TN	BASO%_f	0.1194	0.0565	2.1111	0.0348	0.0478	0.0064	1.0195	0.0124	-0.0085	0.0048
CIMBA_BCAC_TN	EO#_f	0.0192	0.0483	0.3977	0.6909	0.1659	0.0196	1.0547	0.0277	-0.0031	0.0062
CIMBA_BCAC_TN	EO%_f	-0.0070	0.0463	-0.1519	0.8793	0.1897	0.0222	1.0667	0.0321	0.0031	0.0062
CIMBA_BCAC_TN	HCT_f	0.0008	0.0447	0.0182	0.9855	0.1460	0.0132	1.1015	0.0255	-0.0012	0.0061
CIMBA_BCAC_TN	HGB_f	-0.0202	0.0424	-0.4756	0.6344	0.1531	0.0131	1.1130	0.0258	0.0018	0.0058
CIMBA_BCAC_TN	HLSR#_f	0.0214	0.0412	0.5193	0.6035	0.1920	0.0178	1.1087	0.0480	-0.0024	0.0059
CIMBA_BCAC_TN	HLSR%_f	0.0282	0.0411	0.6853	0.4932	0.1895	0.0177	1.1087	0.0484	-0.0024	0.0058
CIMBA_BCAC_TN	IRF_f	0.0320	0.0440	0.7269	0.4673	0.1162	0.0120	1.0999	0.0384	-0.0016	0.0057
CIMBA_BCAC_TN	LYMPH#_f	0.0373	0.0436	0.8550	0.3926	0.1931	0.0139	1.0851	0.0231	-0.0002	0.0064
CIMBA_BCAC_TN	LYMPH%_f	-0.0195	0.0430	-0.4545	0.6495	0.1563	0.0129	1.0647	0.0200	0.0068	0.0065
CIMBA_BCAC_TN	MCHC_f	-0.0749	0.0574	-1.3032	0.1925	0.0530	0.0067	1.0247	0.0121	0.0057	0.0054
CIMBA_BCAC_TN	MCV_f	0.0607	0.0363	1.6719	0.0946	0.2268	0.0230	1.1016	0.0376	-0.0044	0.0058
CIMBA_BCAC_TN	MONO#_f	0.0279	0.0431	0.6469	0.5177	0.1797	0.0219	1.1368	0.0368	-0.0015	0.0062
CIMBA_BCAC_TN	MONO%_f	-0.0143	0.0441	-0.3251	0.7451	0.1578	0.0205	1.1400	0.0382	0.0033	0.0065
CIMBA_BCAC_TN	MPV_f	0.0454	0.0372	1.2198	0.2226	0.3165	0.0439	1.1526	0.0577	-0.0055	0.0070
CIMBA_BCAC_TN	NEUT#_f	0.0574	0.0435	1.3217	0.1863	0.1653	0.0178	1.0648	0.0230	-0.0078	0.0064
CIMBA_BCAC_TN	NEUT%_f	0.0199	0.0461	0.4321	0.6656	0.1468	0.0129	1.0541	0.0201	-0.0071	0.0066
CIMBA_BCAC_TN	NRBCD_f	-0.0447	0.2726	-0.1641	0.8697	0.0016	0.0024	0.9929	0.0059	-0.0041	0.0048
CIMBA_BCAC_TN	PCT_f	0.0241	0.0468	0.5158	0.6060	0.2206	0.0195	1.1228	0.0286	-0.0005	0.0064
CIMBA_BCAC_TN	PDW_f	-0.0107	0.0420	-0.2557	0.7982	0.2072	0.0260	1.0990	0.0445	-0.0017	0.0060
CIMBA_BCAC_TN	PLT#_f	-0.0096	0.0423	-0.2270	0.8204	0.2735	0.0227	1.1087	0.0333	0.0023	0.0066
CIMBA_BCAC_TN	RBC#_f	-0.0364	0.0411	-0.8864	0.3754	0.2188	0.0207	1.1117	0.0304	0.0016	0.0062
CIMBA_BCAC_TN	RDW_f	-0.0319	0.0396	-0.8051	0.4208	0.2007	0.0188	1.0519	0.0327	0.0003	0.0057
CIMBA_BCAC_TN	RET#_f	0.0163	0.0424	0.3836	0.7013	0.1900	0.0180	1.0870	0.0405	-0.0025	0.0059
CIMBA_BCAC_TN	RET%_f	0.0266	0.0423	0.6277	0.5302	0.1851	0.0179	1.0856	0.0419	-0.0027	0.0059
CIMBA_BCAC_TN	WBC#_f	0.0612	0.0434	1.4104	0.1584	0.1878	0.0152	1.0758	0.0211	-0.0069	0.0064
BCAC_Onco_iCOGs_luminalA	BASO#_f	-0.05568	0.0588	-0.947	0.3436	0.02279	0.003431	1.045	0.009434	0.0126	0.007148
BCAC_Onco_iCOGs_luminalA	BASO%_f	-0.001994	0.041	-0.04863	0.9612	0.04774	0.006745	1.021	0.01489	-0.003588	0.006727
BCAC_Onco_iCOGs_luminalA	EO#_f	-0.0387	0.03476	-1.113	0.2656	0.1676	0.02047	1.053	0.03319	0.005436	0.008958
BCAC_Onco_iCOGs_luminalA	EO%_f	-0.0506	0.03269	-1.548	0.1217	0.1948	0.02278	1.055	0.03531	0.008191	0.008599
BCAC_Onco_iCOGs_luminalA	HCT_f	0.03698	0.03628	1.019	0.308	0.1402	0.0151	1.123	0.03419	-0.001866	0.008172
BCAC_Onco_iCOGs_luminalA	HGB_f	0.03065	0.03454	0.8873	0.3749	0.1463	0.01476	1.138	0.03468	-0.002675	0.00805
BCAC_Onco_iCOGs_luminalA	HLSR#_f	-0.02537	0.02964	-0.8561	0.392	0.1892	0.01931	1.12	0.05332	0.005828	0.00841
BCAC_Onco_iCOGs_luminalA	HLSR%_f	-0.02893	0.02917	-0.9917	0.3214	0.187	0.019	1.119	0.05231	0.005576	0.008457
BCAC_Onco_iCOGs_luminalA	IRF_f	-0.004547	0.03381	-0.1345	0.893	0.115	0.01307	1.106	0.04156	0.005395	0.007645
BCAC_Onco_iCOGs_luminalA	LYMPH#_f	-0.03404	0.03459	-0.9842	0.325	0.1925	0.01441	1.087	0.02794	0.002121	0.009597
BCAC_Onco_iCOGs_luminalA	LYMPH%_f	-0.03272	0.0359	-0.9113	0.3621	0.1566	0.01285	1.064	0.02573	-0.0007704	0.008872
BCAC_Onco_iCOGs_luminalA	MCHC_f	-0.02799	0.04292	-0.6521	0.5143	0.0516	0.007255	1.03	0.01423	-0.0009268	0.007487
BCAC_Onco_iCOGs_luminalA	MCV_f	0.01655	0.03104	0.5331	0.5939	0.2209	0.02174	1.122	0.05389	-0.006547	0.009423
BCAC_Onco_iCOGs_luminalA	MONO#_f	-0.004563	0.03561	-0.1281	0.8981	0.1699	0.02281	1.172	0.04942	0.006613	0.00925
BCAC_Onco_iCOGs_luminalA	MONO%_f	0.007637	0.03164	0.2413	0.8093	0.1481	0.0209	1.176	0.05073	0.003427	0.007792
BCAC_Onco_iCOGs_luminalA	MPV_f	0.02346	0.02968	0.7903	0.4293	0.3129	0.04518	1.161	0.07093	0.003442	0.009739
BCAC_Onco_iCOGs_luminalA	NEUT#_f	0.0008082	0.03287	0.02459	0.9804	0.1651	0.02004	1.068	0.03054	0.003085	0.00876
BCAC_Onco_iCOGs_luminalA	NEUT%_f	0.03797	0.0369	1.029	0.3035	0.1474	0.01325	1.052	0.02536	-0.001481	0.008454
BCAC_Onco_iCOGs_luminalA	NRBCD_f	NA	NA	NA	NA	NA	NA	NA	NA	NA	NA
BCAC_Onco_iCOGs_luminalA	PCT_f	0.02706	0.03275	0.8262	0.4087	0.2126	0.01858	1.148	0.04087	-0.01003	0.00928
BCAC_Onco_iCOGs_luminalA	PDW_f	-0.07537	0.03122	-2.414	0.01577	0.216	0.02814	1.069	0.04487	0.01251	0.009442
BCAC_Onco_iCOGs_luminalA	PLT#_f	0.004043	0.03184	0.127	0.899	0.2682	0.02229	1.126	0.04108	-0.009173	0.009486
BCAC_Onco_iCOGs_luminalA	RBC#_f	0.01883	0.03152	0.5976	0.5501	0.2136	0.02182	1.13	0.03926	0.001215	0.009077
BCAC_Onco_iCOGs_luminalA	RDW_f	0.001529	0.03056	0.05005	0.9601	0.1946	0.02111	1.076	0.04843	0.008228	0.01018
BCAC_Onco_iCOGs_luminalA	RET#_f	-0.02861	0.03017	-0.9482	0.343	0.1867	0.01906	1.099	0.04659	0.003659	0.008633
BCAC_Onco_iCOGs_luminalA	RET%_f	-0.03369	0.02973	-1.133	0.2571	0.1817	0.01885	1.098	0.04728	0.003473	0.008682
BCAC_Onco_iCOGs_luminalA	WBC#_f	-0.009565	0.03281	-0.2915	0.7707	0.1868	0.01723	1.082	0.02812	0.003057	0.009369
brca1_bc	BASO#_f	0.0350	0.1291	0.2716	0.7859	0.0233	0.0032	1.0428	0.0077	0.0023	0.0044
brca1_bc	BASO%_f	0.0107	0.0962	0.1111	0.9115	0.0479	0.0064	1.0194	0.0124	0.0003	0.0050
brca1_bc	EO#_f	-0.0320	0.0869	-0.3681	0.7128	0.1658	0.0196	1.0548	0.0277	0.0018	0.0060
brca1_bc	EO%_f	-0.0420	0.0848	-0.4951	0.6205	0.1898	0.0222	1.0666	0.0321	0.0042	0.0061
brca1_bc	HCT_f	-0.0287	0.0745	-0.3852	0.7001	0.1460	0.0132	1.1014	0.0256	0.0019	0.0065
brca1_bc	HGB_f	-0.0710	0.0736	-0.9639	0.3351	0.1531	0.0131	1.1130	0.0259	0.0057	0.0064
brca1_bc	HLSR#_f	-0.0226	0.0664	-0.3406	0.7334	0.1918	0.0178	1.1091	0.0480	0.0042	0.0056
brca1_bc	HLSR%_f	-0.0078	0.0653	-0.1201	0.9044	0.1894	0.0177	1.1090	0.0484	0.0035	0.0054
brca1_bc	IRF_f	-0.0287	0.0691	-0.4161	0.6774	0.1162	0.0120	1.0998	0.0384	0.0027	0.0053
brca1_bc	LYMPH#_f	0.0664	0.0738	0.8993	0.3685	0.1931	0.0139	1.0853	0.0230	-0.0040	0.0060
brca1_bc	LYMPH%_f	-0.0228	0.0673	-0.3393	0.7344	0.1563	0.0129	1.0647	0.0199	0.0052	0.0057
brca1_bc	MCHC_f	-0.1507	0.0982	-1.5353	0.1247	0.0529	0.0067	1.0250	0.0121	0.0071	0.0051
brca1_bc	MCV_f	0.1300	0.0688	1.8909	0.0586	0.2266	0.0230	1.1022	0.0376	-0.0103	0.0054
brca1_bc	MONO#_f	-0.0693	0.0663	-1.0461	0.2955	0.1798	0.0219	1.1368	0.0368	0.0022	0.0059
brca1_bc	MONO%_f	-0.1669	0.0721	-2.3153	0.0206	0.1579	0.0205	1.1397	0.0382	0.0112	0.0059
brca1_bc	MPV_f	0.0859	0.0591	1.4524	0.1464	0.3165	0.0439	1.1525	0.0577	-0.0086	0.0060
brca1_bc	NEUT#_f	0.1128	0.0653	1.7276	0.0841	0.1654	0.0178	1.0646	0.0229	-0.0109	0.0060
brca1_bc	NEUT%_f	0.0822	0.0708	1.1614	0.2455	0.1468	0.0129	1.0541	0.0201	-0.0082	0.0059
brca1_bc	NRBCD_f	-0.3836	0.4931	-0.7779	0.4366	0.0016	0.0024	0.9929	0.0059	0.0008	0.0043
brca1_bc	PCT_f	-0.0333	0.0670	-0.4968	0.6193	0.2206	0.0195	1.1227	0.0286	0.0016	0.0061
brca1_bc	PDW_f	-0.0382	0.0707	-0.5400	0.5892	0.2071	0.0260	1.0991	0.0445	-0.0009	0.0062
brca1_bc	PLT#_f	-0.0758	0.0601	-1.2618	0.2070	0.2735	0.0227	1.1085	0.0333	0.0053	0.0062
brca1_bc	RBC#_f	-0.0997	0.0707	-1.4099	0.1586	0.2186	0.0207	1.1120	0.0304	0.0076	0.0062
brca1_bc	RDW_f	-0.1677	0.0695	-2.4116	0.0159	0.2008	0.0189	1.0516	0.0326	0.0041	0.0061
brca1_bc	RET#_f	-0.0096	0.0685	-0.1401	0.8886	0.1899	0.0180	1.0874	0.0405	0.0036	0.0057
brca1_bc	RET%_f	0.0142	0.0675	0.2100	0.8337	0.1850	0.0179	1.0859	0.0420	0.0024	0.0054
brca1_bc	WBC#_f	0.0968	0.0686	1.4104	0.1584	0.1877	0.0152	1.0759	0.0211	-0.0101	0.0062
breast	BASO#_f	-0.0409	0.0696	-0.5878	0.5567	0.0235	0.0035	1.0412	0.0082	-0.0050	0.0052
breast	BASO%_f	0.0210	0.0471	0.4463	0.6554	0.0479	0.0070	1.0190	0.0124	-0.0021	0.0051
breast	EO#_f	0.0384	0.0417	0.9210	0.3571	0.1679	0.0179	1.0503	0.0243	-0.0035	0.0062
breast	EO%_f	0.0293	0.0390	0.7519	0.4521	0.1925	0.0204	1.0603	0.0279	-0.0027	0.0062
breast	HCT_f	-0.0099	0.0467	-0.2112	0.8327	0.1464	0.0126	1.0987	0.0249	-0.0114	0.0066
breast	HGB_f	-0.0273	0.0444	-0.6140	0.5392	0.1541	0.0131	1.1094	0.0261	-0.0082	0.0068
breast	HLSR#_f	-0.0182	0.0358	-0.5084	0.6112	0.1908	0.0168	1.1147	0.0476	0.0182	0.0058
breast	HLSR%_f	-0.0268	0.0367	-0.7300	0.4654	0.1880	0.0166	1.1149	0.0475	0.0216	0.0059
breast	IRF_f	0.0135	0.0438	0.3086	0.7576	0.1162	0.0117	1.1003	0.0362	0.0168	0.0057
breast	LYMPH#_f	-0.0454	0.0403	-1.1263	0.2600	0.1933	0.0141	1.0840	0.0233	-0.0234	0.0073
breast	LYMPH%_f	-0.0577	0.0403	-1.4323	0.1521	0.1577	0.0135	1.0608	0.0196	-0.0150	0.0065
breast	MCHC_f	-0.0604	0.0534	-1.1305	0.2582	0.0528	0.0070	1.0260	0.0129	0.0074	0.0051
breast	MCV_f	-0.0534	0.0348	-1.5311	0.1257	0.2247	0.0221	1.1035	0.0363	0.0129	0.0065
breast	MONO#_f	-0.0343	0.0402	-0.8525	0.3939	0.1801	0.0202	1.1329	0.0374	0.0065	0.0063
breast	MONO%_f	-0.0324	0.0403	-0.8027	0.4221	0.1576	0.0184	1.1370	0.0368	0.0159	0.0061
breast	MPV_f	0.0350	0.0332	1.0537	0.2920	0.3155	0.0433	1.1578	0.0592	-0.0245	0.0073
breast	NEUT#_f	0.0113	0.0374	0.3031	0.7618	0.1660	0.0178	1.0641	0.0224	-0.0053	0.0062
breast	NEUT%_f	0.0555	0.0405	1.3721	0.1700	0.1481	0.0132	1.0498	0.0189	0.0084	0.0062
breast	NRBCD_f	-0.3528	0.4197	-0.8406	0.4006	0.0013	0.0024	0.9936	0.0064	0.0056	0.0042
breast	PCT_f	0.0489	0.0360	1.3552	0.1754	0.2193	0.0187	1.1220	0.0278	-0.0222	0.0064
breast	PDW_f	-0.0610	0.0353	-1.7273	0.0841	0.2050	0.0265	1.1024	0.0420	-0.0007	0.0067
breast	PLT#_f	0.0192	0.0348	0.5518	0.5811	0.2717	0.0227	1.1101	0.0327	-0.0067	0.0067
breast	RBC#_f	0.0300	0.0429	0.6981	0.4851	0.2169	0.0184	1.1108	0.0282	-0.0193	0.0068
breast	RDW_f	0.0386	0.0375	1.0288	0.3036	0.2022	0.0198	1.0501	0.0351	0.0022	0.0059
breast	RET#_f	-0.0254	0.0344	-0.7378	0.4606	0.1889	0.0174	1.0942	0.0410	0.0142	0.0058
breast	RET%_f	-0.0343	0.0352	-0.9739	0.3301	0.1836	0.0171	1.0931	0.0423	0.0185	0.0058
breast	WBC#_f	-0.0043	0.0380	-0.1118	0.9110	0.1876	0.0152	1.0771	0.0211	-0.0121	0.0066
colon	BASO#_b	0.2006	0.1172	1.711	0.08705	0.0227	0.0028	1.0998	0.0101	-0.0140	0.0055
colon	BASO%_b	0.1818	0.08736	2.081	0.03739	0.0467	0.0060	1.0504	0.0184	-0.0115	0.0053
colon	EO#_b	-0.09079	0.08849	-1.026	0.3049	0.1600	0.0161	1.1138	0.0377	-0.0057	0.0086
colon	EO%_b	-0.09164	0.07888	-1.162	0.2453	0.1869	0.0183	1.1239	0.0451	-0.0077	0.0085
colon	HCT_b	-0.1017	0.06193	-1.642	0.1006	0.1344	0.0105	1.1962	0.0409	-0.0017	0.0070
colon	HGB_b	-0.1032	0.06302	-1.638	0.1015	0.1416	0.0106	1.2031	0.0411	0.0015	0.0073
colon	HLSR#_b	-0.05716	0.07039	-0.8121	0.4167	0.1839	0.0148	1.1888	0.0636	0.0331	0.0071
colon	HLSR%_b	-0.0403	0.071	-0.5676	0.5703	0.1810	0.0147	1.1868	0.0643	0.0327	0.0071
colon	IRF_b	-0.005816	0.07387	-0.07873	0.9372	0.1170	0.0113	1.1755	0.0562	0.0241	0.0070
colon	LYMPH#_b	0.01179	0.06688	0.1762	0.8601	0.1808	0.0129	1.1526	0.0388	-0.0079	0.0072
colon	LYMPH%_b	-0.004219	0.05908	-0.07142	0.9431	0.1450	0.0116	1.1363	0.0305	-0.0028	0.0061
colon	MCHC_b	-0.0158	0.07837	-0.2016	0.8403	0.0535	0.0064	1.0463	0.0197	0.0074	0.0059
colon	MCV_b	0.07681	0.05061	1.518	0.1291	0.2144	0.0194	1.2192	0.0636	-0.0117	0.0071
colon	MONO#_b	0.03568	0.06074	0.5873	0.557	0.1811	0.0193	1.2330	0.0586	-0.0084	0.0068
colon	MONO%_b	0.01222	0.05687	0.2149	0.8298	0.1595	0.0190	1.2234	0.0600	-0.0031	0.0061
colon	MPV_b	0.00351	0.06151	0.05707	0.9545	0.2780	0.0318	1.3120	0.0861	-0.0147	0.0082
colon	NEUT#_b	0.01921	0.06202	0.3098	0.7567	0.1492	0.0106	1.1435	0.0295	-0.0032	0.0068
colon	NEUT%_b	0.01802	0.06246	0.2886	0.7729	0.1363	0.0118	1.1178	0.0300	0.0054	0.0062
colon	NRBCD_b	NA	NA	NA	NA	-0.0005	0.0012	1.0001	0.0062	0.0030	0.0046
colon	PCT_b	-0.08874	0.0606	-1.464	0.1431	0.2107	0.0174	1.2197	0.0378	-0.0024	0.0070
colon	PDW_b	-0.05795	0.05807	-0.998	0.3183	0.1938	0.0223	1.2044	0.0734	-0.0009	0.0070
colon	PLT#_b	-0.06854	0.06265	-1.094	0.2739	0.2540	0.0209	1.2122	0.0492	0.0044	0.0077
colon	RBC#_b	-0.1236	0.05574	-2.218	0.02656	0.1935	0.0156	1.2267	0.0435	0.0051	0.0075
colon	RDW_b	0.05622	0.05521	1.018	0.3086	0.1957	0.0186	1.0942	0.0526	0.0036	0.0066
colon	RET#_b	-0.07321	0.06859	-1.067	0.2858	0.1803	0.0149	1.1609	0.0559	0.0298	0.0069
colon	RET%_b	-0.04891	0.06885	-0.7103	0.4775	0.1771	0.0150	1.1543	0.0557	0.0295	0.0068
colon	WBC#_b	0.02176	0.06708	0.3244	0.7457	0.1785	0.0137	1.1439	0.0326	-0.0075	0.0075
endom	BASO#_f	0.0042	0.1206	0.0347	0.9723	0.0234	0.0035	1.0417	0.0081	-0.0004	0.0051
endom	BASO%_f	0.0986	0.0886	1.1123	0.2660	0.0478	0.0069	1.0200	0.0125	-0.0039	0.0051
endom	EO#_f	-0.0974	0.0631	-1.5426	0.1229	0.1674	0.0188	1.0506	0.0261	0.0132	0.0052
endom	EO%_f	-0.0858	0.0631	-1.3596	0.1740	0.1916	0.0210	1.0621	0.0289	0.0045	0.0054
endom	HCT_f	0.0719	0.0738	0.9744	0.3299	0.1463	0.0126	1.0993	0.0242	0.0072	0.0056
endom	HGB_f	0.1110	0.0725	1.5298	0.1261	0.1538	0.0131	1.1098	0.0254	0.0017	0.0054
endom	HLSR#_f	0.0547	0.0707	0.7734	0.4393	0.1911	0.0178	1.1130	0.0503	0.0209	0.0059
endom	HLSR%_f	0.0387	0.0705	0.5497	0.5826	0.1884	0.0177	1.1131	0.0503	0.0196	0.0060
endom	IRF_f	0.0255	0.0731	0.3485	0.7275	0.1162	0.0120	1.1003	0.0391	0.0170	0.0054
endom	LYMPH#_f	-0.0419	0.0646	-0.6492	0.5162	0.1925	0.0138	1.0853	0.0228	-0.0008	0.0059
endom	LYMPH%_f	0.0519	0.0669	0.7768	0.4373	0.1573	0.0126	1.0617	0.0197	-0.0120	0.0054
endom	MCHC_f	0.1939	0.0929	2.0884	0.0368	0.0527	0.0068	1.0263	0.0127	-0.0162	0.0052
endom	MCV_f	-0.0931	0.0584	-1.5931	0.1111	0.2249	0.0213	1.1014	0.0372	-0.0069	0.0052
endom	MONO#_f	-0.0141	0.0666	-0.2116	0.8324	0.1803	0.0212	1.1332	0.0367	0.0070	0.0061
endom	MONO%_f	0.0722	0.0679	1.0635	0.2875	0.1584	0.0198	1.1361	0.0373	-0.0021	0.0056
endom	MPV_f	0.0498	0.0635	0.7852	0.4323	0.3154	0.0446	1.1561	0.0603	-0.0057	0.0065
endom	NEUT#_f	-0.1103	0.0697	-1.5822	0.1136	0.1656	0.0181	1.0647	0.0237	0.0130	0.0052
endom	NEUT%_f	-0.0473	0.0683	-0.6927	0.4885	0.1478	0.0128	1.0505	0.0200	0.0096	0.0054
endom	NRBCD_f	-0.7242	0.9023	-0.8026	0.4222	0.0012	0.0024	0.9941	0.0062	0.0054	0.0039
endom	PCT_f	-0.1019	0.0598	-1.7053	0.0881	0.2193	0.0187	1.1222	0.0286	0.0030	0.0057
endom	PDW_f	0.0882	0.0676	1.3054	0.1917	0.2070	0.0269	1.0990	0.0470	0.0069	0.0059
endom	PLT#_f	-0.1075	0.0566	-1.8970	0.0578	0.2719	0.0234	1.1092	0.0320	0.0057	0.0056
endom	RBC#_f	0.1118	0.0629	1.7764	0.0757	0.2164	0.0174	1.1113	0.0279	0.0101	0.0058
endom	RDW_f	0.0578	0.0603	0.9587	0.3377	0.2022	0.0191	1.0498	0.0339	0.0030	0.0056
endom	RET#_f	0.0563	0.0711	0.7919	0.4284	0.1891	0.0182	1.0927	0.0429	0.0183	0.0059
endom	RET%_f	0.0347	0.0714	0.4857	0.6272	0.1840	0.0180	1.0913	0.0442	0.0170	0.0059
endom	WBC#_f	-0.1009	0.0670	-1.5046	0.1324	0.1871	0.0155	1.0778	0.0221	0.0107	0.0055
BCAC_Onco_iCOGs_HER2	BASO#_f	0.2774	0.1646	1.685	0.09192	0.02279	0.003431	1.045	0.009434	-0.006306	0.006094
BCAC_Onco_iCOGs_HER2	BASO%_f	0.08309	0.1063	0.7815	0.4345	0.04774	0.006745	1.021	0.01489	-0.002383	0.005835
BCAC_Onco_iCOGs_HER2	EO#_f	0.01856	0.08178	0.2269	0.8205	0.1676	0.02047	1.053	0.03319	-0.00159	0.006808
BCAC_Onco_iCOGs_HER2	EO%_f	0.003896	0.07476	0.05211	0.9584	0.1948	0.02278	1.055	0.03531	-0.002224	0.006376
BCAC_Onco_iCOGs_HER2	HCT_f	0.01593	0.08734	0.1824	0.8553	0.1402	0.0151	1.123	0.03419	0.0002312	0.00743
BCAC_Onco_iCOGs_HER2	HGB_f	-0.008431	0.08286	-0.1017	0.919	0.1463	0.01476	1.138	0.03468	0.0002735	0.007568
BCAC_Onco_iCOGs_HER2	HLSR#_f	-0.02242	0.0777	-0.2885	0.7729	0.1892	0.01931	1.12	0.05332	0.002907	0.006516
BCAC_Onco_iCOGs_HER2	HLSR%_f	-0.0273	0.07721	-0.3536	0.7237	0.187	0.019	1.119	0.05231	0.003917	0.006583
BCAC_Onco_iCOGs_HER2	IRF_f	0.00286	0.08744	0.03271	0.9739	0.115	0.01307	1.106	0.04156	-0.0008276	0.006176
BCAC_Onco_iCOGs_HER2	LYMPH#_f	0.04183	0.07525	0.5558	0.5783	0.1925	0.01441	1.087	0.02794	-0.001239	0.007094
BCAC_Onco_iCOGs_HER2	LYMPH%_f	-0.03379	0.08514	-0.3969	0.6914	0.1566	0.01285	1.064	0.02573	0.002181	0.007261
BCAC_Onco_iCOGs_HER2	MCHC_f	-0.1162	0.1255	-0.9255	0.3547	0.0516	0.007255	1.03	0.01423	0.001202	0.006461
BCAC_Onco_iCOGs_HER2	MCV_f	-0.003631	0.06908	-0.05257	0.9581	0.2209	0.02174	1.122	0.05389	0.003986	0.007252
BCAC_Onco_iCOGs_HER2	MONO#_f	-0.01477	0.07438	-0.1986	0.8426	0.1699	0.02281	1.172	0.04942	0.004209	0.007069
BCAC_Onco_iCOGs_HER2	MONO%_f	-0.08151	0.07371	-1.106	0.2688	0.1481	0.0209	1.176	0.05073	0.004932	0.006821
BCAC_Onco_iCOGs_HER2	MPV_f	-0.04139	0.05614	-0.7372	0.461	0.3129	0.04518	1.161	0.07093	-0.006973	0.00807
BCAC_Onco_iCOGs_HER2	NEUT#_f	0.07908	0.08301	0.9527	0.3408	0.1651	0.02004	1.068	0.03054	-0.002874	0.006843
BCAC_Onco_iCOGs_HER2	NEUT%_f	0.04282	0.08369	0.5117	0.6088	0.1474	0.01325	1.052	0.02536	-0.001963	0.006945
BCAC_Onco_iCOGs_HER2	NRBCD_f	NA	NA	NA	NA	NA	NA	NA	NA	NA	NA
BCAC_Onco_iCOGs_HER2	PCT_f	0.0459	0.08218	0.5586	0.5765	0.2126	0.01858	1.148	0.04087	0.003846	0.007934
BCAC_Onco_iCOGs_HER2	PDW_f	-0.2034	0.07587	-2.68	0.007356	0.216	0.02814	1.069	0.04487	0.000524	0.007603
BCAC_Onco_iCOGs_HER2	PLT#_f	0.06	0.06805	0.8817	0.3779	0.2682	0.02229	1.126	0.04108	0.006875	0.008013
BCAC_Onco_iCOGs_HER2	RBC#_f	0.01409	0.07325	0.1924	0.8475	0.2136	0.02182	1.13	0.03926	-0.001855	0.007305
BCAC_Onco_iCOGs_HER2	RDW_f	0.1084	0.07711	1.405	0.16	0.1946	0.02111	1.076	0.04843	-0.005728	0.006978
BCAC_Onco_iCOGs_HER2	RET#_f	-0.02886	0.08135	-0.3547	0.7228	0.1867	0.01906	1.099	0.04659	0.003799	0.006678
BCAC_Onco_iCOGs_HER2	RET%_f	-0.03426	0.08096	-0.4232	0.6722	0.1817	0.01885	1.098	0.04728	0.004537	0.006737
BCAC_Onco_iCOGs_HER2	WBC#_f	0.06958	0.07806	0.8913	0.3728	0.1868	0.01723	1.082	0.02812	-0.001937	0.00685
BCAC_Onco_iCOGs_GWAS	BASO#_f	-0.002363	0.05503	-0.04295	0.9657	0.0228	0.003423	1.045	0.009401	0.003407	0.007184
BCAC_Onco_iCOGs_GWAS	BASO%_f	0.04135	0.03871	1.068	0.2855	0.04777	0.006742	1.021	0.01486	-0.008609	0.007046
BCAC_Onco_iCOGs_GWAS	EO#_f	-0.0409	0.03328	-1.229	0.219	0.1676	0.02047	1.053	0.03316	0.005616	0.009198
BCAC_Onco_iCOGs_GWAS	EO%_f	-0.05548	0.03139	-1.767	0.07719	0.1949	0.02277	1.055	0.03528	0.0123	0.009196
BCAC_Onco_iCOGs_GWAS	HCT_f	0.03918	0.03355	1.168	0.2429	0.1403	0.01508	1.122	0.03412	-0.0088	0.00822
BCAC_Onco_iCOGs_GWAS	HGB_f	0.03104	0.03173	0.9782	0.328	0.1464	0.01474	1.137	0.03461	-0.007312	0.008088
BCAC_Onco_iCOGs_GWAS	HLSR#_f	-0.0231	0.02682	-0.8612	0.3891	0.1892	0.01929	1.12	0.05324	0.005961	0.009384
BCAC_Onco_iCOGs_GWAS	HLSR%_f	-0.02821	0.02678	-1.053	0.2923	0.1871	0.01898	1.119	0.05225	0.007901	0.00942
BCAC_Onco_iCOGs_GWAS	IRF_f	-0.01156	0.03174	-0.3641	0.7158	0.1151	0.01305	1.106	0.04149	0.007308	0.008638
BCAC_Onco_iCOGs_GWAS	LYMPH#_f	-0.01393	0.03322	-0.4193	0.675	0.1926	0.01442	1.087	0.02788	-0.002628	0.009817
BCAC_Onco_iCOGs_GWAS	LYMPH%_f	-0.00728	0.03224	-0.2258	0.8214	0.1565	0.01284	1.064	0.02573	-0.005916	0.009494
BCAC_Onco_iCOGs_GWAS	MCHC_f	-0.0235	0.03805	-0.6177	0.5368	0.05162	0.007272	1.03	0.01424	0.00268	0.00759
BCAC_Onco_iCOGs_GWAS	MCV_f	0.01389	0.02816	0.4931	0.6219	0.2206	0.02179	1.123	0.05388	0.001036	0.01003
BCAC_Onco_iCOGs_GWAS	MONO#_f	-0.005222	0.03108	-0.168	0.8666	0.1701	0.02281	1.172	0.04932	0.007297	0.009421
BCAC_Onco_iCOGs_GWAS	MONO%_f	0.01265	0.02934	0.4313	0.6663	0.1482	0.02089	1.175	0.05066	0.002059	0.008539
BCAC_Onco_iCOGs_GWAS	MPV_f	0.02096	0.02669	0.7852	0.4323	0.3133	0.04507	1.16	0.07071	0.002282	0.01024
BCAC_Onco_iCOGs_GWAS	NEUT#_f	-0.008394	0.0305	-0.2752	0.7832	0.1648	0.02004	1.069	0.03066	0.004802	0.0095
BCAC_Onco_iCOGs_GWAS	NEUT%_f	0.01516	0.03332	0.4551	0.649	0.1472	0.01324	1.053	0.02536	0.00168	0.009165
BCAC_Onco_iCOGs_GWAS	NRBCD_f	NA	NA	NA	NA	NA	NA	NA	NA	NA	NA
BCAC_Onco_iCOGs_GWAS	PCT_f	0.01701	0.03048	0.5582	0.5767	0.2126	0.01857	1.148	0.04082	-0.006095	0.01001
BCAC_Onco_iCOGs_GWAS	PDW_f	-0.07473	0.0308	-2.427	0.01524	0.216	0.0281	1.069	0.04487	0.01567	0.01054
BCAC_Onco_iCOGs_GWAS	PLT#_f	-0.0004479	0.02963	-0.01512	0.9879	0.2681	0.02226	1.126	0.04108	-0.006269	0.01045
BCAC_Onco_iCOGs_GWAS	RBC#_f	0.0228	0.02947	0.7737	0.4391	0.2137	0.02186	1.13	0.03924	-0.009805	0.009184
BCAC_Onco_iCOGs_GWAS	RDW_f	0.003766	0.03112	0.121	0.9037	0.1944	0.0211	1.077	0.04835	0.00614	0.01052
BCAC_Onco_iCOGs_GWAS	RET#_f	-0.0244	0.02685	-0.9086	0.3635	0.1866	0.01905	1.1	0.04654	0.003592	0.009386
BCAC_Onco_iCOGs_GWAS	RET%_f	-0.03074	0.02681	-1.146	0.2516	0.1816	0.01884	1.098	0.04724	0.005841	0.009445
BCAC_Onco_iCOGs_GWAS	WBC#_f	-0.01115	0.03135	-0.3557	0.7221	0.1867	0.01723	1.082	0.02819	0.00368	0.009938
BCAC_Onco_iCOGs_luminalBHER2Neg	BASO#_f	-0.07873	0.08303	-0.9482	0.343	0.02279	0.003431	1.045	0.009434	0.005359	0.005393
BCAC_Onco_iCOGs_luminalBHER2Neg	BASO%_f	-0.05318	0.06767	-0.7858	0.432	0.04774	0.006745	1.021	0.01489	0.002154	0.00591
BCAC_Onco_iCOGs_luminalBHER2Neg	EO#_f	-0.006654	0.04697	-0.1417	0.8874	0.1676	0.02047	1.053	0.03319	-0.006112	0.006648
BCAC_Onco_iCOGs_luminalBHER2Neg	EO%_f	-0.02852	0.0426	-0.6694	0.5032	0.1948	0.02278	1.055	0.03531	-0.005682	0.006748
BCAC_Onco_iCOGs_luminalBHER2Neg	HCT_f	0.07805	0.04898	1.593	0.1111	0.1402	0.0151	1.123	0.03419	-0.002175	0.006761
BCAC_Onco_iCOGs_luminalBHER2Neg	HGB_f	0.07955	0.04872	1.633	0.1025	0.1463	0.01476	1.138	0.03468	-0.0005044	0.006659
BCAC_Onco_iCOGs_luminalBHER2Neg	HLSR#_f	0.004564	0.04363	0.1046	0.9167	0.1892	0.01931	1.12	0.05332	0.003739	0.006897
BCAC_Onco_iCOGs_luminalBHER2Neg	HLSR%_f	-0.007712	0.04365	-0.1767	0.8598	0.187	0.019	1.119	0.05231	0.005209	0.006886
BCAC_Onco_iCOGs_luminalBHER2Neg	IRF_f	0.02555	0.05333	0.479	0.6319	0.115	0.01307	1.106	0.04156	0.0001402	0.007105
BCAC_Onco_iCOGs_luminalBHER2Neg	LYMPH#_f	-0.001493	0.04887	-0.03054	0.9756	0.1925	0.01441	1.087	0.02794	0.002794	0.007118
BCAC_Onco_iCOGs_luminalBHER2Neg	LYMPH%_f	-0.05144	0.0464	-1.109	0.2676	0.1566	0.01285	1.064	0.02573	0.00353	0.006673
BCAC_Onco_iCOGs_luminalBHER2Neg	MCHC_f	0.01395	0.06305	0.2213	0.8249	0.0516	0.007255	1.03	0.01423	0.003325	0.005793
BCAC_Onco_iCOGs_luminalBHER2Neg	MCV_f	-0.02345	0.0457	-0.5132	0.6078	0.2209	0.02174	1.122	0.05389	0.008965	0.007481
BCAC_Onco_iCOGs_luminalBHER2Neg	MONO#_f	0.0385	0.05195	0.7412	0.4586	0.1699	0.02281	1.172	0.04942	0.002793	0.007924
BCAC_Onco_iCOGs_luminalBHER2Neg	MONO%_f	0.01657	0.05119	0.3238	0.7461	0.1481	0.0209	1.176	0.05073	0.002092	0.007236
BCAC_Onco_iCOGs_luminalBHER2Neg	MPV_f	0.01928	0.0392	0.4919	0.6228	0.3129	0.04518	1.161	0.07093	0.001606	0.007712
BCAC_Onco_iCOGs_luminalBHER2Neg	NEUT#_f	0.05457	0.04844	1.127	0.2599	0.1651	0.02004	1.068	0.03054	-0.0008058	0.006912
BCAC_Onco_iCOGs_luminalBHER2Neg	NEUT%_f	0.05305	0.04854	1.093	0.2743	0.1474	0.01325	1.052	0.02536	-0.003239	0.006517
BCAC_Onco_iCOGs_luminalBHER2Neg	NRBCD_f	NA	NA	NA	NA	NA	NA	NA	NA	NA	NA
BCAC_Onco_iCOGs_luminalBHER2Neg	PCT_f	0.00388	0.04509	0.08607	0.9314	0.2126	0.01858	1.148	0.04087	-0.008649	0.007317
BCAC_Onco_iCOGs_luminalBHER2Neg	PDW_f	-0.06917	0.04636	-1.492	0.1357	0.216	0.02814	1.069	0.04487	0.01289	0.007242
BCAC_Onco_iCOGs_luminalBHER2Neg	PLT#_f	-0.009327	0.04334	-0.2152	0.8296	0.2682	0.02229	1.126	0.04108	-0.008543	0.008042
BCAC_Onco_iCOGs_luminalBHER2Neg	RBC#_f	0.07212	0.04525	1.594	0.111	0.2136	0.02182	1.13	0.03926	-0.007506	0.00722
BCAC_Onco_iCOGs_luminalBHER2Neg	RDW_f	-0.006898	0.05031	-0.1371	0.8909	0.1946	0.02111	1.076	0.04843	-0.003659	0.007928
BCAC_Onco_iCOGs_luminalBHER2Neg	RET#_f	-0.006428	0.0418	-0.1538	0.8778	0.1867	0.01906	1.099	0.04659	0.004571	0.006577
BCAC_Onco_iCOGs_luminalBHER2Neg	RET%_f	-0.02297	0.04194	-0.5476	0.584	0.1817	0.01885	1.098	0.04728	0.006508	0.006568
BCAC_Onco_iCOGs_luminalBHER2Neg	WBC#_f	0.04328	0.04903	0.8828	0.3773	0.1868	0.01723	1.082	0.02812	0.0006175	0.007352
brca2_oc	BASO#_f	0.0366	0.3455	0.1060	0.9156	0.0233	0.0032	1.0429	0.0077	-1.7191e-03	0.0044
brca2_oc	BASO%_f	-0.2051	0.3244	-0.6323	0.5272	0.0479	0.0064	1.0194	0.0124	1.8813e-03	0.0048
brca2_oc	EO#_f	-0.2290	0.2919	-0.7846	0.4327	0.1657	0.0194	1.0550	0.0274	3.9783e-03	0.0055
brca2_oc	EO%_f	-0.0893	0.1946	-0.4590	0.6462	0.1897	0.0220	1.0667	0.0318	3.0857e-05	0.0053
brca2_oc	HCT_f	0.0244	0.1852	0.1320	0.8950	0.1460	0.0132	1.1014	0.0256	-6.7107e-03	0.0055
brca2_oc	HGB_f	-0.0717	0.1973	-0.3636	0.7162	0.1530	0.0131	1.1132	0.0259	-4.5048e-03	0.0056
brca2_oc	HLSR#_f	0.0418	0.1970	0.2124	0.8318	0.1917	0.0177	1.1096	0.0480	-1.4263e-03	0.0060
brca2_oc	HLSR%_f	0.0180	0.1922	0.0936	0.9255	0.1893	0.0177	1.1094	0.0484	-6.0041e-05	0.0059
brca2_oc	IRF_f	-0.0411	0.2002	-0.2052	0.8374	0.1162	0.0120	1.0999	0.0384	3.4561e-03	0.0054
brca2_oc	LYMPH#_f	-0.1728	0.2506	-0.6896	0.4904	0.1931	0.0139	1.0853	0.0230	7.2302e-03	0.0057
brca2_oc	LYMPH%_f	0.1106	0.2340	0.4728	0.6364	0.1563	0.0129	1.0646	0.0200	4.5204e-03	0.0050
brca2_oc	MCHC_f	-0.3816	0.4621	-0.8259	0.4088	0.0530	0.0067	1.0248	0.0121	5.2297e-03	0.0049
brca2_oc	MCV_f	-0.0776	0.2023	-0.3834	0.7014	0.2267	0.0230	1.1018	0.0376	8.8502e-04	0.0064
brca2_oc	MONO#_f	-0.0284	0.1692	-0.1680	0.8666	0.1798	0.0219	1.1366	0.0368	-4.0616e-03	0.0056
brca2_oc	MONO%_f	0.2670	0.3507	0.7614	0.4464	0.1578	0.0205	1.1399	0.0382	-8.7292e-03	0.0053
brca2_oc	MPV_f	-0.0752	0.1654	-0.4546	0.6494	0.3165	0.0439	1.1523	0.0577	5.8114e-03	0.0059
brca2_oc	NEUT#_f	-0.3439	0.4320	-0.7961	0.4260	0.1654	0.0178	1.0646	0.0229	3.1746e-03	0.0053
brca2_oc	NEUT%_f	-0.1377	0.2651	-0.5193	0.6035	0.1468	0.0129	1.0540	0.0201	-2.8304e-03	0.0052
brca2_oc	NRBCD_f	1.9326	2.7716	0.6973	0.4856	0.0016	0.0024	0.9930	0.0059	-5.8477e-03	0.0046
brca2_oc	PCT_f	-0.1852	0.2648	-0.6996	0.4842	0.2201	0.0193	1.1242	0.0285	4.9999e-03	0.0057
brca2_oc	PDW_f	-0.0809	0.1868	-0.4333	0.6648	0.2072	0.0260	1.0991	0.0445	1.5552e-03	0.0055
brca2_oc	PLT#_f	-0.1112	0.2068	-0.5376	0.5908	0.2729	0.0226	1.1102	0.0333	1.8855e-03	0.0060
brca2_oc	RBC#_f	0.0740	0.1833	0.4039	0.6863	0.2186	0.0207	1.1122	0.0304	-7.2438e-03	0.0054
brca2_oc	RDW_f	0.1385	0.2164	0.6400	0.5222	0.2005	0.0188	1.0524	0.0327	-4.2851e-03	0.0053
brca2_oc	RET#_f	0.0359	0.2056	0.1747	0.8613	0.1898	0.0180	1.0878	0.0405	-3.0652e-03	0.0059
brca2_oc	RET%_f	0.0191	0.2006	0.0951	0.9243	0.1849	0.0179	1.0861	0.0420	-1.6016e-03	0.0057
brca2_oc	WBC#_f	-0.3476	0.4211	-0.8254	0.4091	0.1877	0.0152	1.0759	0.0211	5.2145e-03	0.0057
melanoma	BASO#_b	-0.112	0.07048	-1.589	0.1121	0.0227	0.0028	1.0998	0.0101	-0.0033	0.0044
melanoma	BASO%_b	-0.04676	0.05564	-0.8403	0.4007	0.0467	0.0060	1.0504	0.0184	-0.0037	0.0053
melanoma	EO#_b	-0.09649	0.04343	-2.222	0.02629	0.1600	0.0161	1.1138	0.0377	-0.0007	0.0062
melanoma	EO%_b	-0.0602	0.03926	-1.534	0.1251	0.1869	0.0183	1.1239	0.0451	-0.0011	0.0062
melanoma	HCT_b	0.01312	0.04337	0.3026	0.7622	0.1344	0.0105	1.1962	0.0409	-0.0038	0.0066
melanoma	HGB_b	0.006788	0.04293	0.1581	0.8744	0.1416	0.0106	1.2031	0.0411	-0.0018	0.0067
melanoma	HLSR#_b	-0.06243	0.03825	-1.632	0.1027	0.1839	0.0148	1.1888	0.0636	0.0006	0.0065
melanoma	HLSR%_b	-0.07093	0.03918	-1.811	0.07021	0.1810	0.0147	1.1868	0.0643	0.0003	0.0067
melanoma	IRF_b	-0.09148	0.04304	-2.125	0.03356	0.1170	0.0113	1.1755	0.0562	-0.0031	0.0060
melanoma	LYMPH#_b	-0.1042	0.04472	-2.331	0.01978	0.1808	0.0129	1.1526	0.0388	0.0026	0.0072
melanoma	LYMPH%_b	-0.05087	0.04701	-1.082	0.2792	0.1450	0.0116	1.1363	0.0305	0.0095	0.0065
melanoma	MCHC_b	-0.04058	0.06108	-0.6643	0.5065	0.0535	0.0064	1.0463	0.0197	0.0067	0.0058
melanoma	MCV_b	-0.0706	0.04474	-1.578	0.1146	0.2144	0.0194	1.2192	0.0636	-0.0037	0.0076
melanoma	MONO#_b	-0.07325	0.04436	-1.651	0.0987	0.1811	0.0193	1.2330	0.0586	-0.0104	0.0068
melanoma	MONO%_b	-0.01334	0.0455	-0.2932	0.7694	0.1595	0.0190	1.2234	0.0600	-0.0083	0.0068
melanoma	MPV_b	0.06367	0.03916	1.626	0.104	0.2780	0.0318	1.3120	0.0861	-0.0064	0.0076
melanoma	NEUT#_b	-0.04968	0.04322	-1.15	0.2503	0.1492	0.0106	1.1435	0.0295	-0.0061	0.0061
melanoma	NEUT%_b	0.05863	0.04746	1.235	0.2167	0.1363	0.0118	1.1178	0.0300	-0.0045	0.0064
melanoma	NRBCD_b	NA	NA	NA	NA	-0.0005	0.0012	1.0001	0.0062	-0.0033	0.0047
melanoma	PCT_b	-0.001149	0.04489	-0.02559	0.9796	0.2107	0.0174	1.2197	0.0378	-0.0091	0.0070
melanoma	PDW_b	0.04929	0.04261	1.157	0.2474	0.1938	0.0223	1.2044	0.0734	0.0039	0.0066
melanoma	PLT#_b	-0.04661	0.04378	-1.065	0.287	0.2540	0.0209	1.2122	0.0492	-0.0031	0.0073
melanoma	RBC#_b	0.05988	0.03998	1.498	0.1342	0.1935	0.0156	1.2267	0.0435	-0.0014	0.0064
melanoma	RDW_b	0.01155	0.04593	0.2514	0.8015	0.1957	0.0186	1.0942	0.0526	-0.0010	0.0067
melanoma	RET#_b	-0.04713	0.03871	-1.217	0.2234	0.1803	0.0149	1.1609	0.0559	0.0027	0.0069
melanoma	RET%_b	-0.05826	0.03947	-1.476	0.1399	0.1771	0.0150	1.1543	0.0557	0.0024	0.0070
melanoma	WBC#_b	-0.08169	0.04137	-1.975	0.04829	0.1785	0.0137	1.1439	0.0326	-0.0055	0.0065
ovary	BASO#_f	NA	NA	NA	NA	0.0234	0.0035	1.0417	0.0081	0.0062	0.0049
ovary	BASO%_f	NA	NA	NA	NA	0.0478	0.0069	1.0200	0.0125	0.0026	0.0046
ovary	EO#_f	NA	NA	NA	NA	0.1674	0.0188	1.0506	0.0261	-0.0063	0.0053
ovary	EO%_f	NA	NA	NA	NA	0.1916	0.0210	1.0621	0.0289	-0.0044	0.0058
ovary	HCT_f	NA	NA	NA	NA	0.1463	0.0126	1.0993	0.0242	0.0037	0.0059
ovary	HGB_f	NA	NA	NA	NA	0.1538	0.0131	1.1098	0.0254	0.0049	0.0060
ovary	HLSR#_f	NA	NA	NA	NA	0.1911	0.0178	1.1130	0.0503	0.0088	0.0056
ovary	HLSR%_f	NA	NA	NA	NA	0.1884	0.0177	1.1131	0.0503	0.0074	0.0057
ovary	IRF_f	NA	NA	NA	NA	0.1162	0.0120	1.1003	0.0391	0.0030	0.0056
ovary	LYMPH#_f	NA	NA	NA	NA	0.1925	0.0138	1.0853	0.0228	-0.0061	0.0059
ovary	LYMPH%_f	NA	NA	NA	NA	0.1573	0.0126	1.0617	0.0197	-0.0015	0.0054
ovary	MCHC_f	NA	NA	NA	NA	0.0527	0.0068	1.0263	0.0127	0.0018	0.0050
ovary	MCV_f	NA	NA	NA	NA	0.2249	0.0213	1.1014	0.0372	-0.0089	0.0060
ovary	MONO#_f	NA	NA	NA	NA	0.1803	0.0212	1.1332	0.0367	-0.0023	0.0053
ovary	MONO%_f	NA	NA	NA	NA	0.1584	0.0198	1.1361	0.0373	0.0023	0.0054
ovary	MPV_f	NA	NA	NA	NA	0.3154	0.0446	1.1561	0.0603	-0.0033	0.0062
ovary	NEUT#_f	NA	NA	NA	NA	0.1656	0.0181	1.0647	0.0237	-0.0031	0.0053
ovary	NEUT%_f	NA	NA	NA	NA	0.1478	0.0128	1.0505	0.0200	0.0015	0.0051
ovary	NRBCD_f	NA	NA	NA	NA	0.0012	0.0024	0.9941	0.0062	0.0040	0.0045
ovary	PCT_f	NA	NA	NA	NA	0.2193	0.0187	1.1222	0.0286	0.0013	0.0060
ovary	PDW_f	NA	NA	NA	NA	0.2070	0.0269	1.0990	0.0470	-0.0083	0.0058
ovary	PLT#_f	NA	NA	NA	NA	0.2719	0.0234	1.1092	0.0320	0.0034	0.0059
ovary	RBC#_f	NA	NA	NA	NA	0.2164	0.0174	1.1113	0.0279	0.0084	0.0062
ovary	RDW_f	NA	NA	NA	NA	0.2022	0.0191	1.0498	0.0339	-0.0010	0.0057
ovary	RET#_f	NA	NA	NA	NA	0.1891	0.0182	1.0927	0.0429	0.0086	0.0055
ovary	RET%_f	NA	NA	NA	NA	0.1840	0.0180	1.0913	0.0442	0.0075	0.0054
ovary	WBC#_f	NA	NA	NA	NA	0.1871	0.0155	1.0778	0.0221	-0.0067	0.0055
brca1_oc	BASO#_f	0.0259	0.1557	0.1664	0.8678	0.0233	0.0032	1.0429	0.0077	-0.0087	0.0043
brca1_oc	BASO%_f	-0.1129	0.1142	-0.9886	0.3228	0.0479	0.0064	1.0194	0.0124	-0.0017	0.0048
brca1_oc	EO#_f	-0.0725	0.0945	-0.7672	0.4430	0.1658	0.0195	1.0548	0.0276	-0.0009	0.0063
brca1_oc	EO%_f	-0.0721	0.1024	-0.7037	0.4816	0.1898	0.0221	1.0666	0.0320	-0.0017	0.0064
brca1_oc	HCT_f	0.0397	0.0890	0.4467	0.6551	0.1460	0.0132	1.1015	0.0256	-0.0043	0.0055
brca1_oc	HGB_f	0.0487	0.0868	0.5607	0.5750	0.1530	0.0131	1.1131	0.0259	-0.0030	0.0056
brca1_oc	HLSR#_f	-0.1567	0.0923	-1.6980	0.0895	0.1918	0.0178	1.1091	0.0480	0.0044	0.0051
brca1_oc	HLSR%_f	-0.1710	0.0935	-1.8277	0.0676	0.1894	0.0177	1.1091	0.0484	0.0057	0.0050
brca1_oc	IRF_f	-0.0926	0.0984	-0.9409	0.3467	0.1162	0.0120	1.0998	0.0384	0.0018	0.0051
brca1_oc	LYMPH#_f	-0.0640	0.0844	-0.7581	0.4484	0.1931	0.0139	1.0853	0.0231	0.0058	0.0056
brca1_oc	LYMPH%_f	-0.0692	0.0900	-0.7688	0.4420	0.1563	0.0129	1.0648	0.0200	0.0115	0.0050
brca1_oc	MCHC_f	-0.0099	0.1110	-0.0888	0.9292	0.0529	0.0067	1.0249	0.0121	0.0043	0.0044
brca1_oc	MCV_f	-0.0961	0.0854	-1.1247	0.2607	0.2266	0.0230	1.1022	0.0376	0.0102	0.0057
brca1_oc	MONO#_f	0.0305	0.0775	0.3937	0.6938	0.1798	0.0219	1.1366	0.0368	-0.0050	0.0051
brca1_oc	MONO%_f	0.0718	0.0838	0.8563	0.3919	0.1579	0.0205	1.1395	0.0382	-0.0048	0.0053
brca1_oc	MPV_f	0.0780	0.0857	0.9094	0.3631	0.3165	0.0439	1.1525	0.0577	-0.0038	0.0057
brca1_oc	NEUT#_f	0.0025	0.0818	0.0305	0.9756	0.1654	0.0178	1.0647	0.0229	-0.0061	0.0050
brca1_oc	NEUT%_f	0.0629	0.0997	0.6313	0.5278	0.1468	0.0129	1.0541	0.0201	-0.0086	0.0052
brca1_oc	NRBCD_f	0.2688	0.6463	0.4159	0.6775	0.0016	0.0024	0.9929	0.0059	-0.0033	0.0043
brca1_oc	PCT_f	-0.1389	0.0903	-1.5387	0.1239	0.2206	0.0195	1.1227	0.0286	0.0023	0.0055
brca1_oc	PDW_f	0.0981	0.1036	0.9465	0.3439	0.2071	0.0260	1.0992	0.0445	-0.0041	0.0059
brca1_oc	PLT#_f	-0.1507	0.0947	-1.5924	0.1113	0.2735	0.0227	1.1085	0.0333	0.0043	0.0057
brca1_oc	RBC#_f	0.0810	0.0840	0.9635	0.3353	0.2186	0.0207	1.1121	0.0304	-0.0090	0.0055
brca1_oc	RDW_f	0.1191	0.0863	1.3798	0.1677	0.2008	0.0188	1.0517	0.0327	-0.0063	0.0057
brca1_oc	RET#_f	-0.1791	0.0959	-1.8675	0.0618	0.1899	0.0180	1.0874	0.0405	0.0057	0.0053
brca1_oc	RET%_f	-0.2017	0.0989	-2.0389	0.0415	0.1850	0.0179	1.0859	0.0419	0.0075	0.0052
brca1_oc	WBC#_f	-0.0351	0.0759	-0.4630	0.6434	0.1877	0.0152	1.0759	0.0211	-0.0020	0.0051
thyroid	BASO#_b	-0.1368	0.1351	-1.013	0.3112	0.0227	0.0028	1.0998	0.0101	0.0034	0.0047
thyroid	BASO%_b	-0.05837	0.1009	-0.5783	0.563	0.0467	0.0060	1.0504	0.0184	0.0008	0.0048
thyroid	EO#_b	-0.06282	0.1005	-0.6251	0.5319	0.1600	0.0161	1.1138	0.0377	0.0140	0.0065
thyroid	EO%_b	-0.09437	0.0995	-0.9485	0.3429	0.1869	0.0183	1.1239	0.0451	0.0146	0.0067
thyroid	HCT_b	-0.05546	0.08242	-0.6729	0.501	0.1344	0.0105	1.1962	0.0409	0.0087	0.0062
thyroid	HGB_b	-0.05827	0.07848	-0.7425	0.4578	0.1416	0.0106	1.2031	0.0411	0.0111	0.0063
thyroid	HLSR#_b	-0.0005303	0.08678	-0.00611	0.9951	0.1839	0.0148	1.1888	0.0636	0.0092	0.0072
thyroid	HLSR%_b	-0.009247	0.0883	-0.1047	0.9166	0.1810	0.0147	1.1868	0.0643	0.0088	0.0073
thyroid	IRF_b	-0.009751	0.1007	-0.09679	0.9229	0.1170	0.0113	1.1755	0.0562	-0.0018	0.0068
thyroid	LYMPH#_b	-0.02161	0.08486	-0.2547	0.799	0.1808	0.0129	1.1526	0.0388	-0.0075	0.0061
thyroid	LYMPH%_b	-0.08638	0.1006	-0.8588	0.3904	0.1450	0.0116	1.1363	0.0305	-0.0141	0.0061
thyroid	MCHC_b	0.00135	0.09487	0.01423	0.9886	0.0535	0.0064	1.0463	0.0197	0.0060	0.0049
thyroid	MCV_b	-0.1999	0.1069	-1.87	0.0615	0.2144	0.0194	1.2192	0.0636	0.0074	0.0062
thyroid	MONO#_b	-0.03191	0.08305	-0.3842	0.7008	0.1811	0.0193	1.2330	0.0586	0.0016	0.0061
thyroid	MONO%_b	-0.0787	0.08403	-0.9366	0.349	0.1595	0.0190	1.2234	0.0600	-0.0025	0.0060
thyroid	MPV_b	0.07567	0.07643	0.99	0.3222	0.2780	0.0318	1.3120	0.0861	-0.0016	0.0060
thyroid	NEUT#_b	0.08739	0.09295	0.9402	0.3471	0.1492	0.0106	1.1435	0.0295	0.0084	0.0063
thyroid	NEUT%_b	0.11	0.1041	1.057	0.2904	0.1363	0.0118	1.1178	0.0300	0.0109	0.0060
thyroid	NRBCD_b	NA	NA	NA	NA	-0.0005	0.0012	1.0001	0.0062	-0.0013	0.0044
thyroid	PCT_b	-0.1081	0.08699	-1.243	0.2139	0.2107	0.0174	1.2197	0.0378	0.0090	0.0061
thyroid	PDW_b	0.0651	0.07483	0.87	0.3843	0.1938	0.0223	1.2044	0.0734	0.0074	0.0057
thyroid	PLT#_b	-0.1217	0.08441	-1.442	0.1492	0.2540	0.0209	1.2122	0.0492	0.0088	0.0062
thyroid	RBC#_b	0.0786	0.08374	0.9386	0.3479	0.1935	0.0156	1.2267	0.0435	0.0033	0.0066
thyroid	RDW_b	0.02293	0.07273	0.3152	0.7526	0.1957	0.0186	1.0942	0.0526	0.0008	0.0065
thyroid	RET#_b	0.001304	0.08193	0.01592	0.9873	0.1803	0.0149	1.1609	0.0559	0.0132	0.0070
thyroid	RET%_b	-0.0114	0.08268	-0.1379	0.8903	0.1771	0.0150	1.1543	0.0557	0.0127	0.0069
thyroid	WBC#_b	0.05656	0.08694	0.6506	0.5153	0.1785	0.0137	1.1439	0.0326	0.0048	0.0064
prostate	BASO#_m	-0.1104	0.0867	-1.274	0.2028	0.0217	0.0045	1.0512	0.0091	-1.4784e-02	0.0052
prostate	BASO%_m	-0.1277	0.06788	-1.881	0.06003	0.0453	0.0073	1.0244	0.0110	-5.0128e-04	0.0050
prostate	EO#_m	-0.01314	0.04174	-0.3149	0.7528	0.1687	0.0201	1.0434	0.0243	-9.7497e-03	0.0057
prostate	EO%_m	-0.01522	0.04219	-0.3607	0.7183	0.1995	0.0219	1.0466	0.0271	-1.3110e-02	0.0060
prostate	HCT_m	0.02186	0.04303	0.508	0.6114	0.1461	0.0125	1.1107	0.0247	-2.4471e-03	0.0061
prostate	HGB_m	0.005676	0.04002	0.1418	0.8872	0.1586	0.0132	1.1100	0.0257	-5.9799e-04	0.0061
prostate	HLSR#_m	-0.05498	0.04132	-1.331	0.1833	0.1950	0.0168	1.0893	0.0329	1.0023e-03	0.0078
prostate	HLSR%_m	-0.06033	0.04125	-1.463	0.1436	0.1942	0.0166	1.0888	0.0331	-5.2908e-04	0.0078
prostate	IRF_m	-0.05068	0.04328	-1.171	0.2416	0.1260	0.0137	1.0909	0.0311	2.7687e-04	0.0067
prostate	LYMPH#_m	-0.03136	0.04335	-0.7233	0.4695	0.1758	0.0148	1.0745	0.0217	-1.9009e-02	0.0064
prostate	LYMPH%_m	-0.03406	0.04792	-0.7108	0.4772	0.1398	0.0112	1.0752	0.0163	-1.2927e-02	0.0060
prostate	MCHC_m	-0.07986	0.05542	-1.441	0.1496	0.0558	0.0070	1.0236	0.0116	4.2834e-03	0.0053
prostate	MCV_m	-0.04743	0.03961	-1.197	0.2311	0.2309	0.0228	1.1119	0.0373	-1.6023e-02	0.0071
prostate	MONO#_m	-0.009597	0.03812	-0.2518	0.8012	0.1836	0.0194	1.1270	0.0323	-7.1408e-03	0.0065
prostate	MONO%_m	-0.01449	0.03744	-0.387	0.6987	0.1581	0.0192	1.1187	0.0325	-6.6655e-04	0.0059
prostate	MPV_m	0.08422	0.0401	2.1	0.0357	0.3101	0.0418	1.1302	0.0502	-1.4970e-02	0.0066
prostate	NEUT#_m	0.01437	0.04216	0.3409	0.7332	0.1557	0.0162	1.0720	0.0180	-2.1046e-03	0.0062
prostate	NEUT%_m	0.04374	0.04897	0.8933	0.3717	0.1320	0.0116	1.0662	0.0165	1.3464e-02	0.0058
prostate	NRBCD_m	NA	NA	NA	NA	-0.0047	0.0025	1.0057	0.0056	-2.7228e-03	0.0049
prostate	PCT_m	0.03356	0.03534	0.9498	0.3422	0.2121	0.0185	1.1214	0.0240	1.0855e-02	0.0061
prostate	PDW_m	0.03392	0.04343	0.7812	0.4347	0.2078	0.0287	1.0930	0.0430	-3.9091e-03	0.0069
prostate	PLT#_m	-0.02083	0.03662	-0.5688	0.5695	0.2476	0.0207	1.1124	0.0277	1.6656e-02	0.0064
prostate	RBC#_m	0.04566	0.03956	1.154	0.2484	0.1979	0.0176	1.1211	0.0259	7.1348e-03	0.0062
prostate	RDW_m	0.0403	0.04292	0.9389	0.3478	0.2085	0.0244	1.0368	0.0287	3.6299e-04	0.0069
prostate	RET#_m	-0.04204	0.04192	-1.003	0.3159	0.1877	0.0160	1.0730	0.0283	-1.5631e-05	0.0078
prostate	RET%_m	-0.05179	0.04174	-1.241	0.2147	0.1858	0.0159	1.0704	0.0282	-1.8979e-03	0.0078
prostate	WBC#_m	-0.008036	0.04059	-0.198	0.8431	0.1772	0.0157	1.0768	0.0187	-9.0977e-03	0.0066
oralpharynx	BASO#_b	NA	NA	NA	NA	NA	NA	NA	NA	NA	NA
oralpharynx	BASO%_b	NA	NA	NA	NA	NA	NA	NA	NA	NA	NA
oralpharynx	EO#_b	NA	NA	NA	NA	NA	NA	NA	NA	NA	NA
oralpharynx	EO%_b	NA	NA	NA	NA	NA	NA	NA	NA	NA	NA
oralpharynx	HCT_b	NA	NA	NA	NA	NA	NA	NA	NA	NA	NA
oralpharynx	HGB_b	NA	NA	NA	NA	NA	NA	NA	NA	NA	NA
oralpharynx	HLSR#_b	NA	NA	NA	NA	NA	NA	NA	NA	NA	NA
oralpharynx	HLSR%_b	NA	NA	NA	NA	NA	NA	NA	NA	NA	NA
oralpharynx	IRF_b	NA	NA	NA	NA	NA	NA	NA	NA	NA	NA
oralpharynx	LYMPH#_b	NA	NA	NA	NA	NA	NA	NA	NA	NA	NA
oralpharynx	LYMPH%_b	NA	NA	NA	NA	NA	NA	NA	NA	NA	NA
oralpharynx	MCHC_b	NA	NA	NA	NA	NA	NA	NA	NA	NA	NA
oralpharynx	MCV_b	NA	NA	NA	NA	NA	NA	NA	NA	NA	NA
oralpharynx	MONO#_b	NA	NA	NA	NA	NA	NA	NA	NA	NA	NA
oralpharynx	MONO%_b	NA	NA	NA	NA	NA	NA	NA	NA	NA	NA
oralpharynx	MPV_b	NA	NA	NA	NA	NA	NA	NA	NA	NA	NA
oralpharynx	NEUT#_b	NA	NA	NA	NA	NA	NA	NA	NA	NA	NA
oralpharynx	NEUT%_b	NA	NA	NA	NA	NA	NA	NA	NA	NA	NA
oralpharynx	NRBCD_b	NA	NA	NA	NA	-0.0004693	0.001188	1	0.00622	0.001315	0.004203
oralpharynx	PCT_b	NA	NA	NA	NA	NA	NA	NA	NA	NA	NA
oralpharynx	PDW_b	NA	NA	NA	NA	NA	NA	NA	NA	NA	NA
oralpharynx	PLT#_b	NA	NA	NA	NA	NA	NA	NA	NA	NA	NA
oralpharynx	RBC#_b	NA	NA	NA	NA	NA	NA	NA	NA	NA	NA
oralpharynx	RDW_b	NA	NA	NA	NA	NA	NA	NA	NA	NA	NA
oralpharynx	RET#_b	NA	NA	NA	NA	NA	NA	NA	NA	NA	NA
oralpharynx	RET%_b	NA	NA	NA	NA	NA	NA	NA	NA	NA	NA
oralpharynx	WBC#_b	NA	NA	NA	NA	NA	NA	NA	NA	NA	NA
NHL	BASO#_b	-0.006138	0.1375	-0.04465	0.9644	0.0227	0.0028	1.0998	0.0101	-0.0025	0.0050
NHL	BASO%_b	0.04364	0.1096	0.3983	0.6904	0.0467	0.0060	1.0504	0.0184	-0.0009	0.0050
NHL	EO#_b	-0.02569	0.08115	-0.3166	0.7515	0.1600	0.0161	1.1138	0.0377	0.0030	0.0067
NHL	EO%_b	0.026	0.08462	0.3072	0.7587	0.1869	0.0183	1.1239	0.0451	0.0021	0.0068
NHL	HCT_b	-0.241	0.09385	-2.567	0.01025	0.1344	0.0105	1.1962	0.0409	-0.0081	0.0061
NHL	HGB_b	-0.2436	0.09486	-2.568	0.01022	0.1416	0.0106	1.2031	0.0411	-0.0067	0.0064
NHL	HLSR#_b	-0.0221	0.07203	-0.3068	0.759	0.1839	0.0148	1.1888	0.0636	0.0121	0.0062
NHL	HLSR%_b	0.004754	0.07283	0.06528	0.948	0.1810	0.0147	1.1868	0.0643	0.0145	0.0062
NHL	IRF_b	0.05188	0.08571	0.6054	0.5449	0.1170	0.0113	1.1755	0.0562	0.0103	0.0060
NHL	LYMPH#_b	-0.03793	0.08068	-0.4701	0.6383	0.1808	0.0129	1.1526	0.0388	-0.0126	0.0070
NHL	LYMPH%_b	0.05261	0.08839	0.5953	0.5517	0.1450	0.0116	1.1363	0.0305	-0.0126	0.0065
NHL	MCHC_b	-0.06432	0.09761	-0.6589	0.5099	0.0535	0.0064	1.0463	0.0197	0.0041	0.0052
NHL	MCV_b	0.02142	0.06884	0.3112	0.7556	0.2144	0.0194	1.2192	0.0636	0.0069	0.0071
NHL	MONO#_b	-0.03106	0.06994	-0.4441	0.657	0.1811	0.0193	1.2330	0.0586	-0.0026	0.0061
NHL	MONO%_b	0.03229	0.07457	0.433	0.665	0.1595	0.0190	1.2234	0.0600	-0.0028	0.0059
NHL	MPV_b	0.09066	0.07113	1.275	0.2025	0.2780	0.0318	1.3120	0.0861	-0.0047	0.0060
NHL	NEUT#_b	-0.1198	0.08661	-1.383	0.1667	0.1492	0.0106	1.1435	0.0295	0.0036	0.0060
NHL	NEUT%_b	-0.07033	0.09183	-0.7658	0.4438	0.1363	0.0118	1.1178	0.0300	0.0092	0.0061
NHL	NRBCD_b	NA	NA	NA	NA	-0.0005	0.0012	1.0001	0.0062	0.0065	0.0042
NHL	PCT_b	0.01557	0.07163	0.2174	0.8279	0.2107	0.0174	1.2197	0.0378	-0.0214	0.0070
NHL	PDW_b	-0.03158	0.07523	-0.4198	0.6746	0.1938	0.0223	1.2044	0.0734	0.0161	0.0064
NHL	PLT#_b	-0.03582	0.06809	-0.526	0.5989	0.2540	0.0209	1.2122	0.0492	-0.0180	0.0069
NHL	RBC#_b	-0.1986	0.08465	-2.346	0.01896	0.1935	0.0156	1.2267	0.0435	-0.0101	0.0068
NHL	RDW_b	0.02211	0.0782	0.2828	0.7773	0.1957	0.0186	1.0942	0.0526	0.0135	0.0071
NHL	RET#_b	-0.05165	0.06668	-0.7746	0.4386	0.1803	0.0149	1.1609	0.0559	0.0105	0.0059
NHL	RET%_b	-0.01428	0.06676	-0.2139	0.8306	0.1771	0.0150	1.1543	0.0557	0.0138	0.0058
NHL	WBC#_b	-0.1039	0.0784	-1.326	0.185	0.1785	0.0137	1.1439	0.0326	0.0016	0.0065
cervix	BASO#_f	0.0387	0.1240	0.3117	0.7553	0.0234	0.0032	1.0420	0.0074	0.0028	0.0045
cervix	BASO%_f	-0.0511	0.0863	-0.5928	0.5533	0.0476	0.0064	1.0205	0.0120	0.0079	0.0043
cervix	EO#_f	-0.0349	0.0669	-0.5226	0.6013	0.1669	0.0184	1.0515	0.0250	0.0012	0.0059
cervix	EO%_f	-0.0385	0.0729	-0.5280	0.5975	0.1909	0.0209	1.0637	0.0287	-0.0073	0.0064
cervix	HCT_f	-0.0899	0.0814	-1.1037	0.2697	0.1465	0.0122	1.0989	0.0240	0.0175	0.0065
cervix	HGB_f	-0.1149	0.0816	-1.4086	0.1589	0.1536	0.0126	1.1101	0.0248	0.0222	0.0065
cervix	HLSR#_f	0.1144	0.0662	1.7263	0.0843	0.1905	0.0176	1.1138	0.0477	0.0096	0.0057
cervix	HLSR%_f	0.1421	0.0667	2.1299	0.0332	0.1879	0.0175	1.1140	0.0476	0.0081	0.0058
cervix	IRF_f	0.1910	0.0786	2.4307	0.0151	0.1158	0.0120	1.1005	0.0356	0.0052	0.0055
cervix	LYMPH#_f	0.1811	0.0712	2.5456	0.0109	0.1924	0.0136	1.0858	0.0229	0.0114	0.0061
cervix	LYMPH%_f	0.1793	0.0745	2.4058	0.0161	0.1565	0.0127	1.0632	0.0189	-0.0029	0.0064
cervix	MCHC_f	-0.0847	0.0848	-0.9987	0.3180	0.0530	0.0070	1.0254	0.0130	0.0089	0.0050
cervix	MCV_f	0.1107	0.0655	1.6906	0.0909	0.2270	0.0229	1.1002	0.0352	0.0085	0.0063
cervix	MONO#_f	0.1238	0.0636	1.9481	0.0514	0.1810	0.0216	1.1335	0.0373	-0.0080	0.0060
cervix	MONO%_f	0.1092	0.0682	1.6016	0.1093	0.1591	0.0201	1.1358	0.0372	-0.0236	0.0058
cervix	MPV_f	0.0556	0.0540	1.0285	0.3037	0.3141	0.0432	1.1560	0.0597	-0.0042	0.0056
cervix	NEUT#_f	-0.0256	0.0816	-0.3132	0.7542	0.1650	0.0178	1.0654	0.0228	0.0184	0.0063
cervix	NEUT%_f	-0.1835	0.0789	-2.3255	0.0200	0.1471	0.0127	1.0520	0.0185	0.0097	0.0066
cervix	NRBCD_f	0.7577	1.0600	0.7148	0.4748	0.0013	0.0024	0.9941	0.0060	-0.0072	0.0043
cervix	PCT_f	0.0776	0.0578	1.3426	0.1794	0.2207	0.0192	1.1216	0.0282	-0.0013	0.0061
cervix	PDW_f	0.0019	0.0655	0.0289	0.9769	0.2066	0.0263	1.0990	0.0463	0.0044	0.0060
cervix	PLT#_f	0.0209	0.0546	0.3828	0.7019	0.2723	0.0229	1.1098	0.0318	0.0019	0.0060
cervix	RBC#_f	-0.1382	0.0778	-1.7769	0.0756	0.2185	0.0194	1.1100	0.0267	0.0109	0.0070
cervix	RDW_f	0.1360	0.0629	2.1626	0.0306	0.2019	0.0191	1.0497	0.0336	-0.0064	0.0055
cervix	RET#_f	0.0759	0.0645	1.1773	0.2391	0.1884	0.0179	1.0935	0.0414	0.0102	0.0056
cervix	RET%_f	0.1110	0.0642	1.7292	0.0838	0.1834	0.0177	1.0921	0.0427	0.0082	0.0055
cervix	WBC#_f	0.0633	0.0767	0.8247	0.4095	0.1869	0.0153	1.0779	0.0213	0.0169	0.0061
